,X,keywordsvec,Freq,nearmatch,matchcounts,DefinitiveTerm,CombinedSUM,food,ian
2909,2909,sylvanian,3,,,,0,,sylvanian
2532,2532,russian,2,,,,0,,russian
2500,2500,romanian,1,,,,0,,romanian
2176,2176,persian,3,,,,0,,persian
2095,2095,pakorian,1,,,,0,,pakorian
1896,1896,moroccan,9,,,,0,,moroccan
1893,1893,moraccan,1,,,,0,,moroccan
1901,1901,morrocan,1,,,,0,,moroccan
1865,1865,minturian,1,,,,0,,minturian
1774,1774,manchurian,5,,,,0,,manchurian
1768,1768,malaysian,2,,,,0,,malaysian
1644,1644,lankan,1,,,,0,,sri lankan
1589,1589,khataiindian,1,,,,0,,indian
1510,1510,jamaican,1,,,,0,,jamaican
1500,1500,italian,13,,,,0,,italian
1495,1495,iranian,5,,,,0,,iranian
1472,1472,indonesian,1,,,,0,,indonesian
1467,1467,indian,61,italian,13,indian,64,,indian
1468,1468,indisn,2,,,indian,64,,indian
1466,1466,india,1,,,indian,64,,indian
1435,1435,hungarian,1,,,,0,,hungarian
1386,1386,hessian,1,,,,0,,hessian
1019,1019,egyptian,1,,,,0,,egyptian
822,822,cuban,1,,,,0,,cuban
441,441,brazilian,2,,,,0,,brazilian
204,204,asian,12,,,,0,,asian
157,157,ambiano,1,,,,0,,ambiano
140,140,algerian,1,,,,0,,algerian
124,124,african,7,,,,0,,african
2548,2548,sale,225,cafe,17,sale,225,,
1426,1426,house,213,horse,5,house,213,FALSE,
315,315,bedroom,207,bedrooms,24,bedroom,231,FALSE,
1168,1168,fresh,188,fish,22,fresh,224,TRUE,
655,655,christmas,163,chips,8,christmas,166,,
625,625,chicken,153,chiken,4,chicken,157,TRUE,
3244,3244,with,130,fish,22,with,130,,
900,900,detached,100,terraced,19,detached,100,FALSE,
1057,1057,eve,84,veg,20,eve,84,,
1963,1963,new,78,now,26,new,78,,
836,836,curry,72,party,18,curry,79,TRUE,
2564,2564,samosas,67,somosa,4,samosas,120,TRUE,
235,235,baby,65,by,22,baby,70,,
2053,2053,order,59,orders,11,order,72,,
2450,2450,rent,58,set,30,rent,62,,
429,429,box,57,now,26,box,108,,
224,224,available,55,vegetable,16,available,55,,
936,936,dog,55,do,11,dog,62,,
2474,2474,rice,54,price,7,rice,54,TRUE,
511,511,cakes,53,bakes,14,cake,92,TRUE,
431,431,boxes,50,cones,21,box,108,,
3283,3283,your,50,you,12,your,50,,
2562,2562,samosa,46,somosa,4,samosas,120,TRUE,
1815,1815,meat,45,meal,14,meat,47,TRUE,
3051,3051,treats,45,treat,6,treats,51,TRUE,
1322,1322,halal,43,call,13,halal,43,TRUE,
1604,1604,kitchen,43,butcher,4,kitchen,43,FALSE,
1639,1639,lamb,42,jam,13,lamb,42,TRUE,
2633,2633,semi,41,set,30,semi,41,FALSE,
370,370,biryani,40,briyani,6,biryani,50,TRUE,
2901,2901,sweet,40,sweets,9,sweet,51,TRUE,
510,510,cake,39,cafe,17,cake,92,TRUE,
647,647,chocolate,39,chocolates,4,chocolate,48,,
880,880,delicious,39,glorious,3,delicious,40,,
2440,2440,reindeer,37,blender,21,reindeer,37,FALSE,
1163,1163,free,32,from,21,free,32,,
1172,1172,freshly,32,friendly,11,fresh,224,TRUE,
1422,1422,hot,32,not,7,hot,32,TRUE,
2886,2886,sunday,32,santa,17,sunday,32,TRUE,
2498,2498,rolls,31,,,bread,61,TRUE,
210,210,at,31,,,,0,,
2534,2534,s,31,,,,0,,
1127,1127,flat,30,,,,0,,
2645,2645,set,30,,,,0,,
1646,1646,large,29,,,,0,,
436,436,brand,28,,,,0,FALSE,
1763,1763,maker,28,,,,0,FALSE,
442,442,bread,27,,,bread,61,TRUE,
2786,2786,special,27,,,,0,,
1993,1993,now,26,,,,0,,
3271,3271,x,26,,,,0,,
2509,2509,roti,25,,,roti,30,TRUE,
610,610,cheese,25,,,,0,TRUE,
2179,2179,personalised,25,,,,0,,
316,316,bedrooms,24,,,bedroom,231,FALSE,
1147,1147,foods,24,,,,0,,
1940,1940,n,24,,,,0,,
2680,2680,shop,24,,,,0,,
3273,3273,xmas,24,,,,0,,
886,886,delivery,23,,,deliver,49,,
397,397,board,23,,,,0,,
756,756,cookies,23,,,,0,,
1197,1197,fudge,23,,,,0,,
1340,1340,hand,23,,,,0,,
883,883,delivered,22,,,deliver,49,,
1117,1117,fish,22,,,fish,22,TRUE,
497,497,by,22,,,,0,,
961,961,double,22,,,,0,,
2117,2117,paratha,22,,,,0,TRUE,
2817,2817,squeeze,22,,,,0,,
321,321,beef,21,,,,0,TRUE,
384,384,blender,21,,,,0,FALSE,
734,734,cones,21,,,,0,,
1184,1184,from,21,,,,0,,
2043,2043,only,21,,,,0,,
2859,2859,storage,21,,,,0,FALSE,
1542,1542,kababs,20,,,kebab,59,TRUE,
1569,1569,kebab,20,,,kebab,59,TRUE,
1503,1503,items,20,,,,0,FALSE,
2217,2217,pies,20,,,,0,,
3140,3140,veg,20,,,,0,,
526,526,candles,19,,,,0,FALSE,
650,650,chopping,19,,,,0,FALSE,
1187,1187,frozen,19,,,,0,,
1754,1754,magic,19,,,,0,,
2503,2503,room,19,,,,0,,
2657,2657,shami,19,,,,0,,
2955,2955,terraced,19,,,,0,FALSE,
3205,3205,wax,19,,,,0,FALSE,
1541,1541,kabab,18,,,kebab,59,TRUE,
149,149,aloo,18,,,,0,TRUE,
999,999,each,18,,,,0,,
1246,1246,glass,18,,,,0,FALSE,
1738,1738,lunch,18,,,,0,,
2129,2129,party,18,,,,0,FALSE,
2941,2941,tea,18,,,,0,,
3251,3251,wooden,18,,,,0,FALSE,
1571,1571,kebabs,17,,,kebab,0,TRUE,
373,373,biscuits,17,,,,0,,
507,507,cafe,17,,,,0,,
802,802,cream,17,,,,0,,
1237,1237,gift,17,,,,0,FALSE,
2572,2572,santa,17,,,,0,,
2914,2914,tablet,17,,,,0,TRUE,
21,21,*,16,,,,0,,
109,109,accessories,16,,,,0,FALSE,
1053,1053,etc,16,,,,0,,
2252,2252,play,16,,,,0,FALSE,
2295,2295,pots,16,,,,0,,
2299,2299,pouches,16,,,,0,FALSE,
3044,3044,tray,16,,,,0,,
3142,3142,vegetable,16,,,,0,,
658,658,chutney,15,,,chutney,25,TRUE,
244,244,bags,15,,,,0,,
289,289,bathroom,15,,,,0,FALSE,
411,411,book,15,,,,0,,
1403,1403,holiday,15,,,,0,,
1765,1765,making,15,,,,0,,
1831,1831,melts,15,,,,0,,
2059,2059,organic,15,,,,0,,
2079,2079,pack,15,,,,0,,
2824,2824,stainless,15,,,,0,FALSE,
2842,2842,steel,15,,,,0,FALSE,
3008,3008,today,15,,,,0,,
3034,3034,traditional,15,,,,0,,
3108,3108,up,15,,,,0,,
3132,3132,van,15,,,,0,,
249,249,bakes,14,,,bake,25,TRUE,
1813,1813,meal,14,,,meal,28,TRUE,
1814,1814,meals,14,,,meal,28,TRUE,
178,178,apartment,14,,,,0,,
414,414,books,14,,,,0,,
478,478,bundle,14,,,,0,,
560,560,catering,14,,,,0,,
752,752,cooked,14,,,,0,TRUE,
1106,1106,fill,14,,,,0,,
2203,2203,pickle,14,,,,0,,
2236,2236,pizza,14,,,,0,TRUE,
2351,2351,property,14,,,,0,,
3227,3227,white,14,,,,0,,
2483,2483,roast,13,,,roast,17,TRUE,
516,516,call,13,,,,0,,
955,955,door,13,,,,0,,
1239,1239,gifts,13,,,,0,,
1336,1336,hampers,13,,,,0,,
1345,1345,handmade,13,,,,0,,
1509,1509,jam,13,,,,0,,
1762,1762,make,13,,,,0,,
1822,1822,meenos,13,,,,0,,
1938,1938,mutton,13,,,,0,,
2211,2211,pie,13,,,,0,,
2339,2339,processor,13,,,,0,,
2643,2643,serving,13,,,,0,,
2808,2808,spring,13,,,,0,,
2836,2836,station,13,,,,0,,
29,29,%,12,,,,0,,
34,34,|,12,,,,0,,
218,218,authentic,12,,,,0,,
461,461,brownies,12,,,,0,,
593,593,chapli,12,,,,0,,
614,614,chef,12,,,,0,,
864,864,day,12,,,,0,,
915,915,dinner,12,,,,0,,
1514,1514,jams,12,,,,0,,
2042,2042,onions,12,,,,0,,
2425,2425,ready,12,,,,0,,
2640,2640,service,12,,,,0,,
2775,2775,soup,12,,,,0,,
2840,2840,steamer,12,,,,0,,
3080,3080,turkish,12,,,,0,,
3137,3137,various,12,,,,0,,
3141,3141,vegan,12,,,,0,,
3200,3200,water,12,,,,0,,
3216,3216,weekly,12,,,,0,,
3282,3282,you,12,,,,0,,
635,635,chilli,11,,,chilli,14,,
2056,2056,orders,11,,,order,72,,
2,2,‚Äì,11,,,,0,,
254,254,baklava,11,,,,0,,
287,287,bath,11,,,,0,,
401,401,body,11,,,,0,,
493,493,butter,11,,,,0,,
509,509,cage,11,,,,0,,
524,524,candle,11,,,,0,,
572,572,centre,11,,,,0,,
704,704,collection,11,,,,0,,
749,749,cook,11,,,,0,,
854,854,daily,11,,,,0,,
934,934,do,11,,,,0,,
1166,1166,freezer,11,,,,0,,
1179,1179,friendly,11,,,,0,,
1189,1189,fruit,11,,,,0,,
1538,1538,k,11,,,,0,,
1555,1555,karachi,11,,,,0,,
1595,1595,kids,11,,,,0,,
1709,1709,little,11,,,,0,,
1857,1857,mini,11,,,,0,,
1878,1878,ml,11,,,,0,,
1880,1880,mobile,11,,,,0,,
1894,1894,more,11,,,,0,,
1951,1951,natural,11,,,,0,,
2212,2212,piece,11,,,,0,,
2468,2468,reusable,11,,,,0,,
2580,2580,sauce,11,,,,0,,
2733,2733,small,11,,,,0,,
2937,2937,tasty,11,,,,0,,
2970,2970,thermomix,11,,,,0,,
3120,3120,used,11,,,,0,,
3265,3265,wraps,11,,,,0,,
31,31,+,10,,,,0,,
127,127,afternoon,10,,,,0,,
271,271,bar,10,,,,0,,
317,317,beds,10,,,,0,,
537,537,caravan,10,,,,0,,
640,640,chinese,10,,,,0,,
742,742,containers,10,,,,0,,
758,758,cooking,10,,,,0,,
816,816,crumpsall,10,,,,0,,
1177,1177,fried,10,,,,0,,
1204,1204,fun,10,,,,0,,
1332,1332,halwa,10,,,,0,,
1416,1416,honey,10,,,,0,,
1498,1498,is,10,,,,0,,
1583,1583,kg,10,,,,0,,
1587,1587,khana,10,,,,0,,
2120,2120,park,10,,,,0,,
2420,2420,raw,10,,,,0,,
2495,2495,roll,10,,,,0,,
2598,2598,school,10,,,,0,,
2981,2981,tiffin,10,,,,0,,
3153,3153,very,10,,,,0,,
3210,3210,weaning,10,,,,0,,
659,659,chutneys,9,,,chutney,25,TRUE,
2903,2903,sweets,9,,,sweet,51,TRUE,
18,18,[hidden,9,,,,0,,
180,180,apple,9,,,,0,,
225,225,avent,9,,,,0,,
304,304,be,9,,,,0,,
323,323,beeswax,9,,,,0,,
357,357,big,9,,,,0,,
369,369,birthday,9,,,,0,,
457,457,bromyard,9,,,,0,,
479,479,bungalow,9,,,,0,,
755,755,cookie,9,,,,0,,
845,845,cutting,9,,,,0,,
925,925,dishes,9,,,,0,,
1175,1175,friday,9,,,,0,,
1217,1217,garden,9,,,,0,,
1338,1338,hamster,9,,,,0,,
1477,1477,information],9,,,,0,,
1516,1516,jar,9,,,,0,,
1590,1590,kheer,9,,,,0,,
1707,1707,litre,9,,,,0,,
2039,2039,one,9,,,,0,,
2171,2171,perfect,9,,,,0,,
2546,2546,salad,9,,,,0,,
2872,2872,studio,9,,,,0,,
2876,2876,style,9,,,,0,,
2923,2923,taking,9,,,,0,,
3003,3003,tm,9,,,,0,,
3213,3213,wedding,9,,,,0,,
112,112,achar,8,,,,0,,
232,232,b,8,,,,0,,
273,273,barbie,8,,,,0,,
312,312,bed,8,,,,0,,
345,345,best,8,,,,0,,
577,577,chaat,8,,,,0,,
642,642,chips,8,,,,0,,
693,693,coconut,8,,,,0,,
753,753,cooker,8,,,,0,,
831,831,cupcakes,8,,,,0,,
893,893,desi,8,,,,0,,
924,924,dish,8,,,,0,,
1002,1002,east,8,,,,0,,
1011,1011,eco,8,,,,0,,
1040,1040,end,8,,,,0,,
1176,1176,fridge,8,,,,0,,
1202,1202,full,8,,,,0,,
1323,1323,haleem,8,,,,0,,
1365,1365,healthy,8,,,,0,,
1445,1445,i,8,,,,0,,
1539,1539,ka,8,,,,0,,
1556,1556,karahi,8,,,,0,,
1577,1577,kenwood,8,,,,0,,
1630,1630,l,8,,,,0,,
1671,1671,lemon,8,,,,0,,
1691,1691,like,8,,,,0,,
1834,1834,mercedes,8,,,,0,,
1847,1847,middle,8,,,,0,,
1854,1854,mince,8,,,,0,,
1928,1928,multi,8,,,,0,,
1939,1939,my,8,,,,0,,
1976,1976,night,8,,,,0,,
2033,2033,old,8,,,,0,,
2075,2075,own,8,,,,0,,
2137,2137,pastry,8,,,,0,,
2205,2205,pickles,8,,,,0,,
2251,2251,platter,8,,,,0,,
2325,2325,prices,8,,,,0,,
2390,2390,quality,8,,,,0,,
2986,2986,tikka,8,,,,0,,
3029,3029,toy,8,,,,0,,
3030,3030,toys,8,,,,0,,
3144,3144,vegetarian,8,,,,0,,
3161,3161,vintage,8,,,,0,,
631,631,children,7,,,childs,15,FALSE,
305,305,beaba,7,,,,0,,
390,390,blue,7,,,,0,,
408,408,bone,7,,,,0,,
409,409,boneless,7,,,,0,,
488,488,business,7,,,,0,,
492,492,butchers,7,,,,0,,
522,522,can,7,,,,0,,
558,558,cat,7,,,,0,,
585,585,chana,7,,,,0,,
696,696,coffee,7,,,,0,,
741,741,container,7,,,,0,,
754,754,cookery,7,,,,0,,
841,841,custom,7,,,,0,,
929,929,dispenser,7,,,,0,,
1017,1017,egg,7,,,,0,,
1023,1023,elc,7,,,,0,,
1208,1208,furniture,7,,,,0,,
1233,1233,ghar,7,,,,0,,
1276,1276,gosht,7,,,,0,,
1297,1297,green,7,,,,0,,
1329,1329,halloween,7,,,,0,,
1358,1358,have,7,,,,0,,
1450,1450,ideal,7,,,,0,,
1475,1475,infantino,7,,,,0,,
1714,1714,local,7,,,,0,,
1749,1749,machine,7,,,,0,,
1773,1773,man,7,,,,0,,
1832,1832,menu,7,,,,0,,
1846,1846,microwave,7,,,,0,,
1942,1942,naan,7,,,,0,,
1991,1991,not,7,,,,0,,
2073,2073,oven,7,,,,0,,
2092,2092,pakistani,7,,,,0,,
2093,2093,pakora,7,,,,0,,
2109,2109,panjeeri,7,,,,0,,
2135,2135,pasties,7,,,,0,,
2155,2155,peanut,7,,,,0,,
2183,2183,pet,7,,,,0,,
2204,2204,pickled,7,,,,0,,
2293,2293,potato,7,,,,0,,
2323,2323,price,7,,,,0,,
2445,2445,removals,7,,,,0,,
2482,2482,road,7,,,,0,,
2697,2697,silicone,7,,,,0,,
2742,2742,snack,7,,,,0,,
2921,2921,takeaway,7,,,,0,,
2954,2954,terrace,7,,,,0,,
3062,3062,trotters,7,,,,0,,
3065,3065,truffles,7,,,,0,,
246,246,baked,6,,,bake,25,TRUE,
454,454,briyani,6,,,biryani,50,TRUE,
3049,3049,treat,6,,,treats,51,TRUE,
40,40,‚ù§,6,,,,0,,
230,230,away,6,,,,0,,
261,261,balls,6,,,,0,,
284,284,basket,6,,,,0,,
344,344,bespoke,6,,,,0,,
398,398,boards,6,,,,0,,
427,427,bowl,6,,,,0,,
428,428,bowls,6,,,,0,,
445,445,breakfast,6,,,,0,,
483,483,burger,6,,,,0,,
519,519,camper,6,,,,0,,
549,549,carrot,6,,,,0,,
574,574,cereal,6,,,,0,,
611,611,cheesecake,6,,,,0,,
612,612,cheesecakes,6,,,,0,,
672,672,cleaner,6,,,,0,,
720,720,commercial,6,,,,0,,
916,916,dinners,6,,,,0,,
982,982,dry,6,,,,0,,
1060,1060,every,6,,,,0,,
1073,1073,extra,6,,,,0,,
1083,1083,family,6,,,,0,,
1109,1109,fillers,6,,,,0,,
1151,1151,ford,6,,,,0,,
1203,1203,fully,6,,,,0,,
1385,1385,herefordshire,6,,,,0,,
1393,1393,hire,6,,,,0,,
1499,1499,it,6,,,,0,,
1518,1518,jars,6,,,,0,,
1603,1603,kit,6,,,,0,,
1733,1733,low,6,,,,0,,
1812,1812,me,6,,,,0,,
1907,1907,motorhome,6,,,,0,,
2021,2021,off,6,,,,0,,
2153,2153,pcs,6,,,,0,,
2240,2240,plain,6,,,,0,,
2247,2247,plastic,6,,,,0,,
2292,2292,pot,6,,,,0,,
2341,2341,produce,6,,,,0,,
2380,2380,puri,6,,,,0,,
2430,2430,recipes,6,,,,0,,
2504,2504,rooms,6,,,,0,,
2536,2536,saag,6,,,,0,,
2587,2587,saver,6,,,,0,,
2663,2663,share,6,,,,0,,
2698,2698,silver,6,,,,0,,
2743,2743,snacks,6,,,,0,,
2749,2749,soap,6,,,,0,,
2777,2777,sourdough,6,,,,0,,
2803,2803,sponge,6,,,,0,,
2827,2827,stand,6,,,,0,,
2833,2833,starter,6,,,,0,,
3013,3013,tommee,6,,,,0,,
3037,3037,trailer,6,,,,0,,
3099,3099,unicorn,6,,,,0,,
3129,3129,vacuum,6,,,,0,,
3214,3214,week,6,,,,0,,
3286,3286,yummy,6,,,,0,,
589,589,chapati,5,,,chapatis,11,TRUE,
641,641,chip,5,,,chips,5,,
152,152,also,5,,,,0,,
241,241,bag,5,,,,0,,
263,263,bamboo,5,,,,0,,
301,301,bbq,5,,,,0,,
309,309,beautiful,5,,,,0,,
313,313,bedding,5,,,,0,,
406,406,bombay,5,,,,0,,
407,407,bombs,5,,,,0,,
422,422,bottles,5,,,,0,,
466,466,bubble,5,,,,0,,
535,535,car,5,,,,0,,
596,596,character,5,,,,0,,
604,604,che,5,,,,0,,
724,724,company,5,,,,0,,
771,771,cornflake,5,,,,0,,
779,779,cost,5,,,,0,,
865,865,days,5,,,,0,,
947,947,domestic,5,,,,0,,
978,978,drizzle,5,,,,0,,
1025,1025,electric,5,,,,0,,
1076,1076,facebook,5,,,,0,,
1271,1271,goodies,5,,,,0,,
1294,1294,great,5,,,,0,,
1390,1390,high,5,,,,0,,
1419,1419,horse,5,,,,0,,
1446,1446,ice,5,,,,0,,
1452,1452,idli,5,,,,0,,
1483,1483,inshaallah,5,,,,0,,
1488,1488,insulated,5,,,,0,,
1536,1536,just,5,,,,0,,
1572,1572,keema,5,,,,0,,
1614,1614,kofta,5,,,,0,,
1624,1624,kunafa,5,,,,0,,
1633,1633,ladoo,5,,,,0,,
1676,1676,let,5,,,,0,,
1683,1683,lids,5,,,,0,,
1728,1728,lots,5,,,,0,,
1743,1743,luxury,5,,,,0,,
1744,1744,lydd,5,,,,0,,
1788,1788,marmalade,5,,,,0,,
1794,1794,masala,5,,,,0,,
1841,1841,metal,5,,,,0,,
1897,1897,morocco,5,,,,0,,
1941,1941,na,5,,,,0,,
1962,1962,never,5,,,,0,,
1982,1982,no,5,,,,0,,
2017,2017,occasions,5,,,,0,,
2045,2045,open,5,,,,0,,
2085,2085,packs,5,,,,0,,
2087,2087,page,5,,,,0,,
2127,2127,parties,5,,,,0,,
2132,2132,pasta,5,,,,0,,
2190,2190,philips,5,,,,0,,
2220,2220,pilau,5,,,,0,,
2249,2249,plate,5,,,,0,,
2250,2250,plates,5,,,,0,,
2283,2283,portable,5,,,,0,,
2370,2370,punjabi,5,,,,0,,
2578,2578,saturday,5,,,,0,,
2589,2589,savouries,5,,,,0,,
2596,2596,scentsy,5,,,,0,,
2609,2609,sea,5,,,,0,,
2661,2661,shape,5,,,,0,,
2681,2681,shopping,5,,,,0,,
2778,2778,south,5,,,,0,,
2780,2780,soy,5,,,,0,,
2794,2794,spicy,5,,,,0,,
2795,2795,spinach,5,,,,0,,
2838,2838,steam,5,,,,0,,
2867,2867,street,5,,,,0,,
2879,2879,sugar,5,,,,0,,
2889,2889,super,5,,,,0,,
2910,2910,system,5,,,,0,,
2920,2920,take,5,,,,0,,
2926,2926,tandoori,5,,,,0,,
2950,2950,teething,5,,,,0,,
2960,2960,thai,5,,,,0,,
3019,3019,top,5,,,,0,,
3054,3054,triangle,5,,,,0,,
3091,3091,uk,5,,,,0,,
3143,3143,vegetables,5,,,,0,,
3163,3163,visit,5,,,,0,,
3192,3192,warmer,5,,,,0,,
3232,3232,will,5,,,,0,,
3258,3258,workshop,5,,,,0,,
82,82,ü•ò,5,,,,0,,
245,245,bake,4,,,bake,25,TRUE,
629,629,chiken,4,,,chicken,157,TRUE,
645,645,choc,4,,,chocolate,48,,
648,648,chocolates,4,,,chocolate,48,,
899,899,desserts,4,,,dessert,6,,
938,938,doggy,4,,,dog,62,,
2451,2451,rental,4,,,rent,62,,
2770,2770,somosa,4,,,samosas,0,TRUE,
5,5,‚ÄºÔ∏è,4,,,,0,,
12,12,"""",4,,,,0,,
132,132,airtight,4,,,,0,,
154,154,aluminium,4,,,,0,,
159,159,american,4,,,,0,,
201,201,as,4,,,,0,,
248,248,bakery,4,,,,0,,
253,253,baking,4,,,,0,,
280,280,bars,4,,,,0,,
285,285,baskets,4,,,,0,,
327,327,bejgli,4,,,,0,,
330,330,believe,4,,,,0,,
372,372,biscuit,4,,,,0,,
378,378,black,4,,,,0,,
417,417,bora,4,,,,0,,
474,474,buffets,4,,,,0,,
476,476,built,4,,,,0,,
484,484,burgers,4,,,,0,,
491,491,butcher,4,,,,0,,
536,536,caramel,4,,,,0,,
556,556,casseroles,4,,,,0,,
582,582,chalet,4,,,,0,,
622,622,chewy,4,,,,0,,
653,653,chorlton,4,,,,0,,
671,671,clean,4,,,,0,,
673,673,cleaning,4,,,,0,,
688,688,cm,4,,,,0,,
702,702,collect,4,,,,0,,
708,708,colour,4,,,,0,,
722,722,community,4,,,,0,,
732,732,condition,4,,,,0,,
750,750,cookbook,4,,,,0,,
767,767,corn,4,,,,0,,
781,781,cottage,4,,,,0,,
799,799,crates,4,,,,0,,
917,917,dinosaur,4,,,,0,,
940,940,doing,4,,,,0,,
944,944,dolls,4,,,,0,,
959,959,dosa,4,,,,0,,
1005,1005,easy,4,,,,0,,
1049,1049,equipment,4,,,,0,,
1090,1090,favours,4,,,,0,,
1100,1100,fenugreek,4,,,,0,,
1134,1134,flour,4,,,,0,,
1135,1135,flower,4,,,,0,,
1148,1148,foot,4,,,,0,,
1170,1170,freshener,4,,,,0,,
1180,1180,friends,4,,,,0,,
1193,1193,fry,4,,,,0,,
1199,1199,fuel,4,,,,0,,
1211,1211,g,4,,,,0,,
1265,1265,gold,4,,,,0,,
1266,1266,golden,4,,,,0,,
1285,1285,grade,4,,,,0,,
1341,1341,handesh,4,,,,0,,
1432,1432,https:,4,,,,0,,
1433,1433,huge,4,,,,0,,
1444,1444,hymer,4,,,,0,,
1447,1447,icing,4,,,,0,,
1469,1469,individual,4,,,,0,,
1581,1581,key,4,,,,0,,
1600,1600,king,4,,,,0,,
1647,1647,lasagna,4,,,,0,,
1648,1648,lasagne,4,,,,0,,
1651,1651,late,4,,,,0,,
1661,1661,learning,4,,,,0,,
1686,1686,light,4,,,,0,,
1700,1700,liquid,4,,,,0,,
1715,1715,locally,4,,,,0,,
1723,1723,london,4,,,,0,,
1745,1745,m,4,,,,0,,
1781,1781,marble,4,,,,0,,
1783,1783,marco,4,,,,0,,
1797,1797,masher,4,,,,0,,
1837,1837,message,4,,,,0,,
1873,1873,mithi,4,,,,0,,
1874,1874,mix,4,,,,0,,
1875,1875,mixed,4,,,,0,,
1876,1876,mixer,4,,,,0,,
1879,1879,mm,4,,,,0,,
1916,1916,moving,4,,,,0,,
1925,1925,mug,4,,,,0,,
1926,1926,mugs,4,,,,0,,
1984,1984,nom,4,,,,0,,
2002,2002,nut,4,,,,0,,
2005,2005,nutribullet,4,,,,0,,
2012,2012,oak,4,,,,0,,
2029,2029,oil,4,,,,0,,
2041,2041,onion,4,,,,0,,
2064,2064,original,4,,,,0,,
2134,2134,pasteries,4,,,,0,,
2157,2157,peas,4,,,,0,,
2208,2208,picnic,4,,,,0,,
2215,2215,pierogi,4,,,,0,,
2218,2218,pig,4,,,,0,,
2288,2288,post,4,,,,0,,
2289,2289,postage,4,,,,0,,
2294,2294,potatoes,4,,,,0,,
2313,2313,prep,4,,,,0,,
2344,2344,products,4,,,,0,,
2362,2362,puff,4,,,,0,,
2403,2403,rachel‚Äôs,4,,,,0,,
2409,2409,rainbow,4,,,,0,,
2429,2429,recipe,4,,,,0,,
2463,2463,restaurant,4,,,,0,,
2517,2517,royal,4,,,,0,,
2518,2518,rrp,4,,,,0,,
2533,2533,rustic,4,,,,0,,
2583,2583,sausage,4,,,,0,,
2602,2602,scottish,4,,,,0,,
2608,2608,scrumptious,4,,,,0,,
2624,2624,see,4,,,,0,,
2629,2629,selection,4,,,,0,,
2632,2632,selling,4,,,,0,,
2704,2704,single,4,,,,0,,
2711,2711,size,4,,,,0,,
2763,2763,solid,4,,,,0,,
2791,2791,spice,4,,,,0,,
2816,2816,square,4,,,,0,,
2835,2835,static,4,,,,0,,
2852,2852,stocking,4,,,,0,,
2873,2873,stuff,4,,,,0,,
2885,2885,summer,4,,,,0,,
2895,2895,surface,4,,,,0,,
2911,2911,t,4,,,,0,,
2916,2916,tagine,4,,,,0,,
2933,2933,tarts,4,,,,0,,
2942,2942,team,4,,,,0,,
2958,2958,text,4,,,,0,,
2975,2975,this,4,,,,0,,
2976,2976,three,4,,,,0,,
3000,3000,tippee,4,,,,0,,
3010,3010,toddler,4,,,,0,,
3043,3043,travel,4,,,,0,,
3061,3061,trolley,4,,,,0,,
3074,3074,tubs,4,,,,0,,
3079,3079,tuna,4,,,,0,,
3084,3084,two,4,,,,0,,
3102,3102,unit,4,,,,0,,
3180,3180,w,4,,,,0,,
3182,3182,waffle,4,,,,0,,
3185,3185,wall,4,,,,0,,
3225,3225,wheels,4,,,,0,,
3259,3259,worktop,4,,,,0,,
3275,3275,yakhni,4,,,,0,,
632,632,children‚Äôs,3,,,childs,15,FALSE,
633,633,childrens,3,,,childs,15,FALSE,
835,835,curries,3,,,curry,79,TRUE,
2487,2487,roasts,3,,,roast,17,TRUE,
2513,2513,rotti,3,,,roti,30,TRUE,
2771,2771,somosas,3,,,samosas,0,TRUE,
103,103,aalu,3,,,,0,,
121,121,advertising,3,,,,0,,
130,130,air,3,,,,0,,
151,151,alsilinseed,3,,,,0,,
164,164,andrew,3,,,,0,,
167,167,annabel,3,,,,0,,
175,175,any,3,,,,0,,
181,181,approved,3,,,,0,,
187,187,area,3,,,,0,,
190,190,ark,3,,,,0,,
195,195,art,3,,,,0,,
197,197,artisan,3,,,,0,,
213,213,attachments,3,,,,0,,
223,223,autumn,3,,,,0,,
240,240,bacon,3,,,,0,,
256,256,baklawa,3,,,,0,,
258,258,ball,3,,,,0,,
283,283,based,3,,,,0,,
288,288,bathbombs,3,,,,0,,
290,290,bathrooms,3,,,,0,,
332,332,below,3,,,,0,,
347,347,between,3,,,,0,,
367,367,bird,3,,,,0,,
376,376,bits,3,,,,0,,
400,400,bobs,3,,,,0,,
421,421,bottle,3,,,,0,,
487,487,bus,3,,,,0,,
498,498,c,3,,,,0,,
530,530,cans,3,,,,0,,
543,543,care,3,,,,0,,
551,551,carvery,3,,,,0,,
553,553,case,3,,,,0,,
570,570,celebration,3,,,,0,,
586,586,channa,3,,,,0,,
605,605,cheap,3,,,,0,,
616,616,chemical,3,,,,0,,
669,669,clay,3,,,,0,,
674,674,clear,3,,,,0,,
676,676,clearances,3,,,,0,,
679,679,click,3,,,,0,,
686,686,club,3,,,,0,,
703,703,collectable,3,,,,0,,
713,713,combined,3,,,,0,,
726,726,complete,3,,,,0,,
759,759,cookworks,3,,,,0,,
784,784,country,3,,,,0,,
787,787,course,3,,,,0,,
790,790,covers,3,,,,0,,
842,842,cutlery,3,,,,0,,
847,847,d,3,,,,0,,
848,848,daal,3,,,,0,,
875,875,decorative,3,,,,0,,
888,888,demand,3,,,,0,,
913,913,diner,3,,,,0,,
932,932,diwali,3,,,,0,,
942,942,doll,3,,,,0,,
952,952,doner,3,,,,0,,
963,963,doug,3,,,,0,,
971,971,dream,3,,,,0,,
1000,1000,early,3,,,,0,,
1018,1018,eggs,3,,,,0,,
1047,1047,ensuite,3,,,,0,,
1051,1051,essex,3,,,,0,,
1061,1061,everyday,3,,,,0,,
1065,1065,excellent,3,,,,0,,
1082,1082,families,3,,,,0,,
1085,1085,fantastic,3,,,,0,,
1086,1086,fart,3,,,,0,,
1093,1093,feed,3,,,,0,,
1094,1094,feeder,3,,,,0,,
1107,1107,filled,3,,,,0,,
1110,1110,filling,3,,,,0,,
1123,1123,flagship,3,,,,0,,
1130,1130,flavours,3,,,,0,,
1152,1152,fordable,3,,,,0,,
1194,1194,fryer,3,,,,0,,
1234,1234,ghee,3,,,,0,,
1251,1251,glorious,3,,,,0,,
1255,1255,gluten,3,,,,0,,
1259,1259,go,3,,,,0,,
1283,1283,gourmet,3,,,,0,,
1298,1298,grey,3,,,,0,,
1307,1307,group,3,,,,0,,
1361,1361,hawkwell,3,,,,0,,
1363,1363,head,3,,,,0,,
1383,1383,herbal,3,,,,0,,
1397,1397,hobbs,3,,,,0,,
1400,1400,holder,3,,,,0,,
1401,1401,holders,3,,,,0,,
1420,1420,horsebox,3,,,,0,,
1439,1439,hut,3,,,,0,,
1453,1453,if,3,,,,0,,
1458,1458,immaculate,3,,,,0,,
1505,1505,iveco,3,,,,0,,
1511,1511,james,3,,,,0,,
1522,1522,jerry,3,,,,0,,
1564,1564,karmel,3,,,,0,,
1582,1582,keys,3,,,,0,,
1601,1601,kiosk,3,,,,0,,
1636,1636,lahori,3,,,,0,,
1657,1657,le,3,,,,0,,
1667,1667,leg,3,,,,0,,
1678,1678,letters,3,,,,0,,
1682,1682,lid,3,,,,0,,
1717,1717,lock,3,,,,0,,
1718,1718,lodge,3,,,,0,,
1724,1724,long,3,,,,0,,
1726,1726,looking,3,,,,0,,
1729,1729,love,3,,,,0,,
1746,1746,macarons,3,,,,0,,
1775,1775,mandi,3,,,,0,,
1810,1810,may,3,,,,0,,
1818,1818,medium,3,,,,0,,
1821,1821,meeno,3,,,,0,,
1826,1826,mejbani,3,,,,0,,
1852,1852,milk,3,,,,0,,
1853,1853,mill,3,,,,0,,
1915,1915,moves,3,,,,0,,
1956,1956,necklaces,3,,,,0,,
1957,1957,need,3,,,,0,,
1977,1977,nihari,3,,,,0,,
1983,1983,noah‚Äôs,3,,,,0,,
1988,1988,norfolks,3,,,,0,,
1992,1992,novelty,3,,,,0,,
2003,2003,nutella,3,,,,0,,
2026,2026,office,3,,,,0,,
2065,2065,ornament,3,,,,0,,
2078,2078,p,3,,,,0,,
2101,2101,pan,3,,,,0,,
2113,2113,paper,3,,,,0,,
2115,2115,parantha,3,,,,0,,
2147,2147,paya,3,,,,0,,
2148,2148,payay,3,,,,0,,
2165,2165,people,3,,,,0,,
2166,2166,peppa,3,,,,0,,
2167,2167,pepper,3,,,,0,,
2181,2181,persons,3,,,,0,,
2185,2185,pets,3,,,,0,,
2199,2199,pick,3,,,,0,,
2219,2219,pilao,3,,,,0,,
2223,2223,pink,3,,,,0,,
2233,2233,pita,3,,,,0,,
2255,2255,playmobil,3,,,,0,,
2256,2256,please,3,,,,0,,
2258,2258,plum,3,,,,0,,
2261,2261,pm,3,,,,0,,
2266,2266,polaw,3,,,,0,,
2275,2275,pop,3,,,,0,,
2282,2282,pork,3,,,,0,,
2285,2285,portion,3,,,,0,,
2286,2286,portions,3,,,,0,,
2298,2298,pouch,3,,,,0,,
2311,2311,pre,3,,,,0,,
2318,2318,press,3,,,,0,,
2319,2319,pressure,3,,,,0,,
2345,2345,professional,3,,,,0,,
2359,2359,pudding,3,,,,0,,
2364,2364,pulao,3,,,,0,,
2367,2367,pumpkin,3,,,,0,,
2416,2416,rasmalai,3,,,,0,,
2422,2422,rd,3,,,,0,,
2426,2426,real,3,,,,0,,
2433,2433,rectangular,3,,,,0,,
2434,2434,red,3,,,,0,,
2448,2448,renault,3,,,,0,,
2464,2464,retail,3,,,,0,,
2489,2489,robot,3,,,,0,,
2490,2490,rochford,3,,,,0,,
2531,2531,russell,3,,,,0,,
2537,2537,saalan,3,,,,0,,
2541,2541,safe,3,,,,0,,
2547,2547,salan,3,,,,0,,
2551,2551,salt,3,,,,0,,
2554,2554,salts,3,,,,0,,
2570,2570,sandwiches,3,,,,0,,
2576,2576,sarson,3,,,,0,,
2590,2590,savoury,3,,,,0,,
2591,2591,scales,3,,,,0,,
2600,2600,scones,3,,,,0,,
2607,2607,scrubs,3,,,,0,,
2612,2612,sealer,3,,,,0,,
2626,2626,seeds,3,,,,0,,
2647,2647,sets,3,,,,0,,
2673,2673,shelves,3,,,,0,,
2674,2674,shepherds,3,,,,0,,
2686,2686,shower,3,,,,0,,
2692,2692,sign,3,,,,0,,
2702,2702,simple,3,,,,0,,
2709,2709,site,3,,,,0,,
2724,2724,slices,3,,,,0,,
2731,2731,slow,3,,,,0,,
2755,2755,sofa,3,,,,0,,
2767,2767,some,3,,,,0,,
2812,2812,sprinter,3,,,,0,,
2826,2826,stall,3,,,,0,,
2837,2837,steak,3,,,,0,,
2847,2847,stickers,3,,,,0,,
2848,2848,sticks,3,,,,0,,
2850,2850,still,3,,,,0,,
2858,2858,stop,3,,,,0,,
2863,2863,stourport,3,,,,0,,
2913,2913,tables,3,,,,0,,
2932,2932,tart,3,,,,0,,
2959,2959,th,3,,,,0,,
2969,2969,thermal,3,,,,0,,
2974,2974,things,3,,,,0,,
2984,2984,tikes,3,,,,0,,
2988,2988,tikki,3,,,,0,,
2990,2990,till,3,,,,0,,
2995,2995,tins,3,,,,0,,
3012,3012,tomato,3,,,,0,,
3027,3027,town,3,,,,0,,
3040,3040,transit,3,,,,0,,
3041,3041,transport,3,,,,0,,
3047,3047,trays,3,,,,0,,
3083,3083,twist,3,,,,0,,
3115,3115,us,3,,,,0,,
3124,3124,utensils,3,,,,0,,
3134,3134,vans,3,,,,0,,
3138,3138,vary,3,,,,0,,
3159,3159,village,3,,,,0,,
3206,3206,we,3,,,,0,,
3215,3215,weekend,3,,,,0,,
3230,3230,wide,3,,,,0,,
3237,3237,wine,3,,,,0,,
3250,3250,wood,3,,,,0,,
3256,3256,working,3,,,,0,,
3263,3263,wrap,3,,,,0,,
3276,3276,yayha,3,,,,0,,
3300,3300,zone,3,,,,0,,
57,57,üéÑüéÖüèª,3,,,,0,,
236,236,babycook,2,,,baby,70,,
238,238,babymoov,2,,,baby,70,,
368,368,biriyani,2,,,biryani,50,TRUE,
444,444,breads,2,,,bread,61,TRUE,
594,594,chappati,2,,,chapatis,11,TRUE,
602,602,chatpati,2,,,chapatis,11,TRUE,
654,654,christams,2,,,christmas,166,,
838,838,currys,2,,,curry,79,TRUE,
882,882,deliver,2,,,deliver,49,,
898,898,dessert,2,,,dessert,6,,
939,939,dogs,2,,,dog,62,,
1161,1161,freash,2,,,fresh,224,TRUE,
1816,1816,meats,2,,,meat,47,TRUE,
10,10,‚Äô,2,,,,0,,
17,17,‚Äù,2,,,,0,,
38,38,‚ú®,2,,,,0,,
24,24,*choices*,2,,,,0,,
105,105,abi,2,,,,0,,
114,114,acharpickle,2,,,,0,,
116,116,activity,2,,,,0,,
120,120,advent,2,,,,0,,
147,147,alo,2,,,,0,,
150,150,alsi,2,,,,0,,
156,156,amazing,2,,,,0,,
161,161,an,2,,,,0,,
166,166,animals,2,,,,0,,
174,174,antique,2,,,,0,,
176,176,anyone,2,,,,0,,
182,182,approx,2,,,,0,,
189,189,argos,2,,,,0,,
193,193,aromatherapy,2,,,,0,,
200,200,arty,2,,,,0,,
214,214,attic,2,,,,0,,
221,221,automatic,2,,,,0,,
229,229,award,2,,,,0,,
239,239,back,2,,,,0,,
252,252,bakhoor,2,,,,0,,
266,266,bang,2,,,,0,,
277,277,bark,2,,,,0,,
281,281,baryani,2,,,,0,,
292,292,batter,2,,,,0,,
295,295,baubles,2,,,,0,,
306,306,beads,2,,,,0,,
310,310,beauty,2,,,,0,,
318,318,bee,2,,,,0,,
324,324,beetroot,2,,,,0,,
325,325,before,2,,,,0,,
328,328,beko,2,,,,0,,
329,329,belfast,2,,,,0,,
335,335,benches,2,,,,0,,
354,354,bhuna,2,,,,0,,
356,356,bicarbonate,2,,,,0,,
363,363,bin,2,,,,0,,
387,387,blocks,2,,,,0,,
395,395,bo,2,,,,0,,
402,402,boil,2,,,,0,,
415,415,boot,2,,,,0,,
418,418,boroi,2,,,,0,,
437,437,branded,2,,,,0,,
447,447,brew,2,,,,0,,
463,463,bryani,2,,,,0,,
469,469,bucket,2,,,,0,,
475,475,build,2,,,,0,,
477,477,bulb,2,,,,0,,
481,481,buns,2,,,,0,,
489,489,busy,2,,,,0,,
490,490,but,2,,,,0,,
494,494,butterscotch,2,,,,0,,
495,495,buy,2,,,,0,,
502,502,cabinet,2,,,,0,,
504,504,cadbury‚Äôs;santa,2,,,,0,,
520,520,campervan,2,,,,0,,
521,521,camping,2,,,,0,,
534,534,caps,2,,,,0,,
538,538,carboot,2,,,,0,,
546,546,carnaby,2,,,,0,,
552,552,cascade,2,,,,0,,
554,554,cash,2,,,,0,,
557,557,cast,2,,,,0,,
651,651,chops,2,,,,0,,
663,663,cinnamon,2,,,,0,,
666,666,class,2,,,,0,,
668,668,classic,2,,,,0,,
675,675,clearance,2,,,,0,,
677,677,clearouts,2,,,,0,,
681,681,clip,2,,,,0,,
683,683,clips,2,,,,0,,
692,692,coca,2,,,,0,,
699,699,cola,2,,,,0,,
700,700,cold,2,,,,0,,
712,712,com,2,,,,0,,
717,717,comes,2,,,,0,,
718,718,comfort,2,,,,0,,
730,730,concentrated,2,,,,0,,
733,733,cone,2,,,,0,,
735,735,cones;reindeer,2,,,,0,,
740,740,contact,2,,,,0,,
744,744,control,2,,,,0,,
746,746,conversion,2,,,,0,,
747,747,conversions,2,,,,0,,
748,748,converted,2,,,,0,,
751,751,cooke,2,,,,0,,
762,762,coopers,2,,,,0,,
788,788,couscous,2,,,,0,,
789,789,cover,2,,,,0,,
794,794,craft,2,,,,0,,
796,796,crafts,2,,,,0,,
797,797,cranberry,2,,,,0,,
798,798,crate,2,,,,0,,
803,803,creamy,2,,,,0,,
814,814,crumbles,2,,,,0,,
818,818,crystal,2,,,,0,,
823,823,cube,2,,,,0,,
824,824,cubes,2,,,,0,,
826,826,cuisine,2,,,,0,,
830,830,cupcake,2,,,,0,,
832,832,cups,2,,,,0,,
833,833,curd,2,,,,0,,
844,844,cutter,2,,,,0,,
846,846,cylinder,2,,,,0,,
853,853,dahi,2,,,,0,,
860,860,darceys,2,,,,0,,
866,866,days?,2,,,,0,,
869,869,decker,2,,,,0,,
870,870,decor,2,,,,0,,
874,874,decorations,2,,,,0,,
889,889,dentist,2,,,,0,,
901,901,detail,2,,,,0,,
906,906,di,2,,,,0,,
908,908,diet,2,,,,0,,
911,911,digital,2,,,,0,,
930,930,display,2,,,,0,,
948,948,domowe,2,,,,0,,
949,949,don,2,,,,0,,
960,960,dot,2,,,,0,,
973,973,dried,2,,,,0,,
976,976,drinks,2,,,,0,,
977,977,drive,2,,,,0,,
986,986,dum,2,,,,0,,
990,990,dumplings,2,,,,0,,
995,995,dust,2,,,,0,,
998,998,e,2,,,,0,,
1004,1004,eastern,2,,,,0,,
1006,1006,easy:a,2,,,,0,,
1009,1009,ebay,2,,,,0,,
1026,1026,electronic,2,,,,0,,
1027,1027,elf,2,,,,0,,
1030,1030,elmo,2,,,,0,,
1033,1033,emergency,2,,,,0,,
1035,1035,empty,2,,,,0,,
1043,1043,english,2,,,,0,,
1044,1044,engraved,2,,,,0,,
1046,1046,ensiut,2,,,,0,,
1062,1062,everything,2,,,,0,,
1066,1066,exchange,2,,,,0,,
1074,1074,extras,2,,,,0,,
1077,1077,fair,2,,,,0,,
1095,1095,feeding,2,,,,0,,
1102,1102,festive,2,,,,0,,
1108,1108,filler,2,,,,0,,
1111,1111,filter,2,,,,0,,
1116,1116,firewood,2,,,,0,,
1118,1118,fisher,2,,,,0,,
1119,1119,fit,2,,,,0,,
1125,1125,flask,2,,,,0,,
1128,1128,flavour,2,,,,0,,
1157,1157,fragrance,2,,,,0,,
1185,1185,front,2,,,,0,,
1188,1188,frsh,2,,,,0,,
1196,1196,ft,2,,,,0,,
1213,1213,game,2,,,,0,,
1216,1216,garage,2,,,,0,,
1219,1219,garlic,2,,,,0,,
1220,1220,gas,2,,,,0,,
1224,1224,general,2,,,,0,,
1225,1225,generation,2,,,,0,,
1229,1229,gerbil,2,,,,0,,
1231,1231,get,2,,,,0,,
1242,1242,gingerbread,2,,,,0,,
1247,1247,glasses,2,,,,0,,
1252,1252,glory,2,,,,0,,
1253,1253,gltc,2,,,,0,,
1264,1264,gol,2,,,,0,,
1267,1267,golf,2,,,,0,,
1268,1268,golgappa,2,,,,0,,
1270,1270,good,2,,,,0,,
1280,1280,goujons,2,,,,0,,
1288,1288,granny,2,,,,0,,
1299,1299,grill,2,,,,0,,
1302,1302,grinder,2,,,,0,,
1304,1304,grooming,2,,,,0,,
1308,1308,gruffalo,2,,,,0,,
1310,1310,guinea,2,,,,0,,
1311,1311,gulab,2,,,,0,,
1313,1313,gun,2,,,,0,,
1317,1317,h,2,,,,0,,
1327,1327,halim,2,,,,0,,
1334,1334,hamper,2,,,,0,,
1339,1339,hamsters,2,,,,0,,
1349,1349,hardback,2,,,,0,,
1359,1359,havelock,2,,,,0,,
1367,1367,heart,2,,,,0,,
1374,1374,heavy,2,,,,0,,
1381,1381,help,2,,,,0,,
1384,1384,here,2,,,,0,,
1396,1396,hob,2,,,,0,,
1398,1398,hogred,2,,,,0,,
1417,1417,honeycomb,2,,,,0,,
1418,1418,hoover,2,,,,0,,
1421,1421,horseradish,2,,,,0,,
1427,1427,household,2,,,,0,,
1436,1436,hungry,2,,,,0,,
1441,1441,hutki,2,,,,0,,
1449,1449,idea,2,,,,0,,
1462,1462,inc,2,,,,0,,
1464,1464,including,2,,,,0,,
1473,1473,indulgent,2,,,,0,,
1479,1479,ingredients,2,,,,0,,
1496,1496,iron,2,,,,0,,
1515,1515,jamun,2,,,,0,,
1527,1527,join,2,,,,0,,
1529,1529,jug,2,,,,0,,
1545,1545,kabuli,2,,,,0,,
1566,1566,kasp,2,,,,0,,
1568,1568,kc‚Äôs,2,,,,0,,
1573,1573,keep,2,,,,0,,
1580,1580,keto,2,,,,0,,
1588,1588,khatai,2,,,,0,,
1612,1612,knife,2,,,,0,,
1621,1621,krispy,2,,,,0,,
1642,1642,land,2,,,,0,,
1666,1666,led,2,,,,0,,
1668,1668,lego,2,,,,0,,
1684,1684,life,2,,,,0,,
1696,1696,link,2,,,,0,,
1697,1697,linseeds,2,,,,0,,
1710,1710,live,2,,,,0,,
1711,1711,liverpool,2,,,,0,,
1712,1712,loads,2,,,,0,,
1722,1722,lolly,2,,,,0,,
1727,1727,lota,2,,,,0,,
1730,1730,lovely,2,,,,0,,
1734,1734,lpg,2,,,,0,,
1741,1741,lush,2,,,,0,,
1747,1747,macaroon,2,,,,0,,
1748,1748,macaroons,2,,,,0,,
1761,1761,maisonette,2,,,,0,,
1764,1764,makes,2,,,,0,,
1766,1766,makki,2,,,,0,,
1769,1769,mall,2,,,,0,,
1776,1776,mandy,2,,,,0,,
1777,1777,mango,2,,,,0,,
1778,1778,manor,2,,,,0,,
1784,1784,marinated,2,,,,0,,
1798,1798,mason,2,,,,0,,
1801,1801,master,2,,,,0,,
1803,1803,mat,2,,,,0,,
1808,1808,matter,2,,,,0,,
1827,1827,melissa,2,,,,0,,
1838,1838,messamen,2,,,,0,,
1842,1842,metallic,2,,,,0,,
1843,1843,meter,2,,,,0,,
1849,1849,mild,2,,,,0,,
1856,1856,mincer,2,,,,0,,
1867,1867,mirpuri,2,,,,0,,
1868,1868,mirror,2,,,,0,,
1870,1870,missed,2,,,,0,,
1872,1872,mithai,2,,,,0,,
1889,1889,monster,2,,,,0,,
1890,1890,months,2,,,,0,,
1895,1895,morning,2,,,,0,,
1905,1905,mot,2,,,,0,,
1908,1908,mould,2,,,,0,,
1911,1911,mounted,2,,,,0,,
1914,1914,mouthwatering,2,,,,0,,
1920,1920,mrs,2,,,,0,,
1923,1923,much,2,,,,0,,
1929,1929,multicolor,2,,,,0,,
1932,1932,munch,2,,,,0,,
1937,1937,mutanjan,2,,,,0,,
1943,1943,naga,2,,,,0,,
1946,1946,nan,2,,,,0,,
1952,1952,ndizi,2,,,,0,,
1958,1958,nelson,2,,,,0,,
1966,1966,newly,2,,,,0,,
1987,1987,noor,2,,,,0,,
1990,1990,north,2,,,,0,,
1995,1995,nuby,2,,,,0,,
2004,2004,nutribaby,2,,,,0,,
2006,2006,nutrient,2,,,,0,,
2016,2016,occasion,2,,,,0,,
2028,2028,official,2,,,,0,,
2030,2030,oils,2,,,,0,,
2032,2032,olaf,2,,,,0,,
3331,3331,ÔøΩÔøΩ,2,,,,0,,
3330,3330,ÔøΩperfect,2,,,,0,,
2050,2050,orange,2,,,,0,,
2060,2060,organiser,2,,,,0,,
2063,2063,orgasmicjamco,2,,,,0,,
2066,2066,ornaments,2,,,,0,,
2069,2069,our,2,,,,0,,
2070,2070,out,2,,,,0,,
2077,2077,oz,2,,,,0,,
2089,2089,painted,2,,,,0,,
2090,2090,pair,2,,,,0,,
2100,2100,pamper,2,,,,0,,
2104,2104,paneer,2,,,,0,,
2107,2107,panipuri,2,,,,0,,
2111,2111,pans,2,,,,0,,
2112,2112,panzerotti,2,,,,0,,
2116,2116,paratah,2,,,,0,,
2125,2125,part,2,,,,0,,
2133,2133,paste,2,,,,0,,
2138,2138,patented,2,,,,0,,
2139,2139,patisserie,2,,,,0,,
2152,2152,pc,2,,,,0,,
2162,2162,penguin,2,,,,0,,
2170,2170,per,2,,,,0,,
2174,2174,peri,2,,,,0,,
2216,2216,pierre,2,,,,0,,
2237,2237,pizzas,2,,,,0,,
2239,2239,place,2,,,,0,,
2242,2242,planning,2,,,,0,,
2259,2259,plus,2,,,,0,,
2262,2262,pod,2,,,,0,,
2263,2263,pods,2,,,,0,,
2268,2268,polish,2,,,,0,,
2274,2274,poori,2,,,,0,,
2276,2276,popcorn,2,,,,0,,
2302,2302,poured,2,,,,0,,
2305,2305,pp,2,,,,0,,
2309,2309,prawn,2,,,,0,,
2322,2322,pretty,2,,,,0,,
2324,2324,priced,2,,,,0,,
2336,2336,pro,2,,,,0,,
2337,2337,problems,2,,,,0,,
2374,2374,puppy,2,,,,0,,
2378,2378,pur√©e,2,,,,0,,
2376,2376,pure,2,,,,0,,
2393,2393,quiche,2,,,,0,,
2396,2396,quince,2,,,,0,,
2397,2397,quotes,2,,,,0,,
2398,2398,r,2,,,,0,,
2404,2404,rack,2,,,,0,,
2413,2413,raita,2,,,,0,,
2418,2418,raspberry,2,,,,0,,
2419,2419,rates,2,,,,0,,
2435,2435,reduced,2,,,,0,,
2441,2441,reliable,2,,,,0,,
2457,2457,reputable,2,,,,0,,
2460,2460,resin,2,,,,0,,
2467,2467,retro,2,,,,0,,
2480,2480,rings,2,,,,0,,
2492,2492,rodent,2,,,,0,,
2506,2506,rose,2,,,,0,,
2514,2514,round,2,,,,0,,
2520,2520,rubbish,2,,,,0,,
2528,2528,runs,2,,,,0,,
2552,2552,salted,2,,,,0,,
2567,2567,sand,2,,,,0,,
2569,2569,sandwich,2,,,,0,,
2574,2574,santas,2,,,,0,,
2577,2577,satni,2,,,,0,,
2582,2582,sauces,2,,,,0,,
2586,2586,save,2,,,,0,,
2592,2592,scallion,2,,,,0,,
2594,2594,scented,2,,,,0,,
2595,2595,scents,2,,,,0,,
2606,2606,scrub,2,,,,0,,
2611,2611,sealed,2,,,,0,,
2613,2613,sealing,2,,,,0,,
2615,2615,seasonal,2,,,,0,,
2617,2617,seat,2,,,,0,,
2620,2620,secret,2,,,,0,,
2625,2625,seed,2,,,,0,,
2637,2637,sensor,2,,,,0,,
2662,2662,shaped,2,,,,0,,
2666,2666,shawarma,2,,,,0,,
2667,2667,shea,2,,,,0,,
2668,2668,shed,2,,,,0,,
2682,2682,shops,2,,,,0,,
2690,2690,si,2,,,,0,,
2694,2694,signs,2,,,,0,,
2710,2710,six,2,,,,0,,
2712,2712,sizes,2,,,,0,,
2723,2723,slicer,2,,,,0,,
2727,2727,slime,2,,,,0,,
2728,2728,slogan,2,,,,0,,
2739,2739,smoked,2,,,,0,,
2753,2753,sodas,2,,,,0,,
2754,2754,sodium,2,,,,0,,
2758,2758,softplay,2,,,,0,,
2784,2784,sparkle,2,,,,0,,
2789,2789,specials,2,,,,0,,
2792,2792,spiced,2,,,,0,,
2798,2798,spiralizer,2,,,,0,,
2820,2820,st,2,,,,0,,
2829,2829,stands,2,,,,0,,
2831,2831,star,2,,,,0,,
2841,2841,steaw,2,,,,0,,
2845,2845,step,2,,,,0,,
2851,2851,stock,2,,,,0,,
2853,2853,stockings,2,,,,0,,
2860,2860,store,2,,,,0,,
2861,2861,story,2,,,,0,,
2864,2864,stove,2,,,,0,,
2881,2881,suitable,2,,,,0,,
2883,2883,suji,2,,,,0,,
2890,2890,supermarket,2,,,,0,,
2894,2894,support,2,,,,0,,
2915,2915,tableware,2,,,,0,,
2927,2927,tankard,2,,,,0,,
2936,2936,taste,2,,,,0,,
2946,2946,teas,2,,,,0,,
2964,2964,that,2,,,,0,,
2968,2968,then,2,,,,0,,
2972,2972,these,2,,,,0,,
2977,2977,thursday,2,,,,0,,
2978,2978,tidy,2,,,,0,,
2980,2980,tier,2,,,,0,,
2985,2985,tiki,2,,,,0,,
2991,2991,time,2,,,,0,,
2996,2996,tiny,2,,,,0,,
3002,3002,tiramisu,2,,,,0,,
3004,3004,tn,2,,,,0,,
3014,3014,tomorrow,2,,,,0,,
3016,3016,tonight,2,,,,0,,
3022,3022,tops,2,,,,0,,
3028,3028,townhouse,2,,,,0,,
3046,3046,traybakes,2,,,,0,,
3053,3053,tree,2,,,,0,,
3063,3063,truck,2,,,,0,,
3071,3071,tub,2,,,,0,,
3072,3072,tube,2,,,,0,,
3077,3077,tuesday,2,,,,0,,
3093,3093,ultimate,2,,,,0,,
3105,3105,unused,2,,,,0,,
3106,3106,unusual,2,,,,0,,
3112,3112,ur,2,,,,0,,
3119,3119,use,2,,,,0,,
3131,3131,valley,2,,,,0,,
3148,3148,vela,2,,,,0,,
3150,3150,venue,2,,,,0,,
3162,3162,vinyl,2,,,,0,,
3165,3165,visits,2,,,,0,,
3172,3172,volkswagen,2,,,,0,,
3175,3175,vonshef,2,,,,0,,
3178,3178,vw,2,,,,0,,
3184,3184,walker,2,,,,0,,
3187,3187,walnuts,2,,,,0,,
3209,3209,wean,2,,,,0,,
3219,3219,well,2,,,,0,,
3220,3220,west,2,,,,0,,
3221,3221,wet,2,,,,0,,
3222,3222,what,2,,,,0,,
3226,3226,when,2,,,,0,,
3228,3228,whole,2,,,,0,,
3239,3239,winning,2,,,,0,,
3240,3240,winter,2,,,,0,,
3245,3245,without,2,,,,0,,
3255,3255,work,2,,,,0,,
3266,3266,wreath,2,,,,0,,
3270,3270,www,2,,,,0,,
3272,3272,xjzcn,2,,,,0,,
3274,3274,xxcm,2,,,,0,,
3303,3303,ÿ£Ÿà,2,,,,0,,
3311,3311,ÿÆÿ®ÿ≤,2,,,,0,,
3277,3277,year,2,,,,0,,
3290,3290,zarda,2,,,,0,,
37,37,üá¨üáæguyanese,2,,,,0,,
51,51,üéÅ,2,,,,0,,
69,69,üëå,2,,,,0,,
53,53,üéÑ,2,,,,0,,
56,56,üéÑüéÖ,2,,,,0,,
60,60,üéÖ,2,,,,0,,
64,64,üéÖüèªüéÑüéÖüèª,2,,,,0,,
75,75,üíú,2,,,,0,,
93,93,üòç,2,,,,0,,
98,98,üôÇ,2,,,,0,,
237,237,babyfood,1,,,baby,70,,
250,250,bakesüòç,1,,,bake,25,TRUE,
371,371,biryanichicken,1,,,biryani,50,TRUE,
455,455,briyaniü•©,1,,,biryani,50,TRUE,
430,430,boxed,1,,,box,108,,
443,443,breadroll,1,,,bread,61,TRUE,
590,590,chapatis,1,,,chapatis,11,TRUE,
591,591,chapattis,1,,,chapatis,11,TRUE,
630,630,child‚Äôs,1,,,childs,15,FALSE,
634,634,childs,1,,,childs,15,FALSE,
636,636,chillie,1,,,chilli,14,,
637,637,chillies,1,,,chilli,14,,
638,638,chilly,1,,,chilli,14,,
646,646,choco,1,,,chocolate,48,,
656,656,christmasüéÑ‚ùÑÔ∏è,1,,,christmas,166,,
657,657,churneys,1,,,chutney,25,TRUE,
834,834,curri,1,,,curry,79,TRUE,
837,837,currychicken,1,,,curry,79,TRUE,
879,879,deliciou,1,,,delicious,40,,
884,884,deliveries,1,,,deliver,49,,
885,885,delivering,1,,,deliver,49,,
937,937,doggie,1,,,dog,62,,
1162,1162,fredh,1,,,fresh,224,TRUE,
1169,1169,fresha,1,,,fresh,224,TRUE,
1540,1540,kabaab,1,,,kebab,59,TRUE,
2054,2054,order‚ùå,1,,,order,72,,
2055,2055,ordered,1,,,order,72,,
2484,2484,roasted,1,,,roast,17,TRUE,
2510,2510,roti‚Äôs,1,,,roti,30,TRUE,
2511,2511,roties,1,,,roti,30,TRUE,
2557,2557,sambosah,1,,,samosas,120,TRUE,
2559,2559,samoas,1,,,samosas,120,TRUE,
2560,2560,samoosa,1,,,samosas,120,TRUE,
2561,2561,samoosas,1,,,samosas,120,TRUE,
2563,2563,samosa‚Äôs,1,,,samosas,120,TRUE,
2565,2565,samosasavailable,1,,,samosas,120,TRUE,
2566,2566,samsosa,1,,,samosas,120,TRUE,
2900,2900,sweeets,1,,,sweet,51,TRUE,
2904,2904,sweetÔøΩÔøΩ,1,,,sweet,51,TRUE,
3,3,:pm,1,,,,0,,
6,6,?__tn__=kc,1,,,,0,,
43,43,‚≠êÔ∏è‚≠êÔ∏è‚≠êÔ∏è‚≠êÔ∏è,1,,,,0,,
30,30,‚Ä¢candles‚Ä¢reed,1,,,,0,,
4,4,‚Äº,1,,,,0,,
7,7,‚Äòfood,1,,,,0,,
8,8,‚Äòold,1,,,,0,,
9,9,‚Äòpussy‚Äô,1,,,,0,,
11,11,‚Äôs,1,,,,0,,
14,14,‚Äúmalai,1,,,,0,,
15,15,‚Äúready‚Äù,1,,,,0,,
16,16,‚Äúzlota,1,,,,0,,
41,41,‚ù§Ô∏è,1,,,,0,,
42,42,‚ù§Ô∏èüéÖüèª,1,,,,0,,
39,39,‚ùÑÔ∏èelsa,1,,,,0,,
13,13,"""grilled""",1,,,,0,,
19,19,@,1,,,,0,,
20,20,@phoenix,1,,,,0,,
22,22,***ferndale,1,,,,0,,
23,23,**tuesday,1,,,,0,,
25,25,*giveaways*,1,,,,0,,
26,26,*wholesale,1,,,,0,,
27,27,#da,1,,,,0,,
28,28,#se,1,,,,0,,
3325,3325,‡∏•‡∏π‡∏Å‡∏ä‡∏¥‡πâ‡∏ô‡∏´‡∏°‡∏π‡πÅ‡∏ó‡πâ,1,,,,0,,
3328,3328,‡∏´‡∏≠‡∏°,1,,,,0,,
3327,3327,‡∏´‡∏ß‡∏≤‡∏ô‡∏°‡∏±‡∏ô,1,,,,0,,
3329,3329,‡∏≠‡∏£‡πà‡∏≠‡∏¢,1,,,,0,,
3323,3323,‡∏Ñ‡∏∏‡∏Å‡∏Å‡∏µ‡πâ‡∏™‡∏¥‡∏á‡∏Ñ‡πÇ‡∏õ‡∏£‡πå,1,,,,0,,
3322,3322,‡∏Ñ‡∏∞,1,,,,0,,
3326,3326,‡∏™‡∏ô‡πÉ‡∏à‡∏™‡∏±‡πà‡∏á‡∏Ñ‡∏∞,1,,,,0,,
3324,3324,‡πÅ‡∏à‡∏Å‡∏ü‡∏£‡∏µ,1,,,,0,,
35,35,~ft,1,,,,0,,
102,102,a+,1,,,,0,,
104,104,abd,1,,,,0,,
106,106,above,1,,,,0,,
107,107,absilable,1,,,,0,,
108,108,acacia,1,,,,0,,
110,110,acchar,1,,,,0,,
111,111,accommodation,1,,,,0,,
113,113,achari,1,,,,0,,
115,115,activities,1,,,,0,,
117,117,add,1,,,,0,,
118,118,adults,1,,,,0,,
119,119,advance,1,,,,0,,
122,122,afecfj,1,,,,0,,
123,123,afford,1,,,,0,,
125,125,after,1,,,,0,,
126,126,after:pm,1,,,,0,,
128,128,agd,1,,,,0,,
129,129,agent,1,,,,0,,
131,131,airfry,1,,,,0,,
133,133,airy,1,,,,0,,
134,134,ajena,1,,,,0,,
135,135,aka,1,,,,0,,
136,136,alba,1,,,,0,,
137,137,alero,1,,,,0,,
138,138,alex‚Äôs,1,,,,0,,
139,139,alexa,1,,,,0,,
141,141,alice,1,,,,0,,
143,143,alloo,1,,,,0,,
144,144,allowed,1,,,,0,,
145,145,almond,1,,,,0,,
146,146,almonds,1,,,,0,,
148,148,aloe,1,,,,0,,
153,153,alum,1,,,,0,,
155,155,am,1,,,,0,,
158,158,amd,1,,,,0,,
160,160,amount,1,,,,0,,
162,162,anabel,1,,,,0,,
165,165,animal,1,,,,0,,
168,168,another,1,,,,0,,
169,169,ans,1,,,,0,,
170,170,anteaque,1,,,,0,,
171,171,anti,1,,,,0,,
172,172,antiglug,1,,,,0,,
173,173,antipasti,1,,,,0,,
177,177,anyway,1,,,,0,,
179,179,app,1,,,,0,,
183,183,apricot,1,,,,0,,
184,184,aquarium,1,,,,0,,
185,185,arabic,1,,,,0,,
186,186,are,1,,,,0,,
188,188,areas,1,,,,0,,
191,191,arkwrights,1,,,,0,,
192,192,army,1,,,,0,,
194,194,around,1,,,,0,,
196,196,artes√†,1,,,,0,,
198,198,artisinal,1,,,,0,,
199,199,arts,1,,,,0,,
202,202,asain,1,,,,0,,
203,203,ashby,1,,,,0,,
205,205,asin,1,,,,0,,
206,206,ask,1,,,,0,,
207,207,assorted,1,,,,0,,
208,208,assortment,1,,,,0,,
209,209,astier,1,,,,0,,
211,211,atigo,1,,,,0,,
212,212,attachment,1,,,,0,,
215,215,aubergine,1,,,,0,,
216,216,august,1,,,,0,,
217,217,australia,1,,,,0,,
219,219,auto,1,,,,0,,
220,220,autobiography,1,,,,0,,
222,222,autoquest,1,,,,0,,
226,226,avenue,1,,,,0,,
227,227,avia,1,,,,0,,
228,228,avon,1,,,,0,,
231,231,awning,1,,,,0,,
233,233,ba,1,,,,0,,
234,234,baazi,1,,,,0,,
242,242,bagel,1,,,,0,,
243,243,baghrir,1,,,,0,,
247,247,bakers,1,,,,0,,
251,251,bakewell,1,,,,0,,
255,255,baklava‚Äôs,1,,,,0,,
257,257,balay,1,,,,0,,
259,259,balloon,1,,,,0,,
260,260,balloons,1,,,,0,,
262,262,balushahi,1,,,,0,,
264,264,bamix,1,,,,0,,
265,265,bananna,1,,,,0,,
267,267,bangin,1,,,,0,,
268,268,bangladeshi,1,,,,0,,
269,269,bank,1,,,,0,,
270,270,bap,1,,,,0,,
272,272,barbecue,1,,,,0,,
274,274,barbies,1,,,,0,,
275,275,barely,1,,,,0,,
276,276,barista,1,,,,0,,
278,278,barn,1,,,,0,,
279,279,barrys,1,,,,0,,
282,282,basar,1,,,,0,,
286,286,baslow,1,,,,0,,
291,291,baths,1,,,,0,,
293,293,battersea,1,,,,0,,
294,294,battery,1,,,,0,,
296,296,bawlawa,1,,,,0,,
297,297,bawling,1,,,,0,,
298,298,bay,1,,,,0,,
299,299,baylis,1,,,,0,,
300,300,bbc,1,,,,0,,
302,302,bd,1,,,,0,,
303,303,bdcaw,1,,,,0,,
307,307,bean,1,,,,0,,
308,308,bear,1,,,,0,,
311,311,bebe,1,,,,0,,
314,314,bedford,1,,,,0,,
319,319,beech,1,,,,0,,
320,320,beechwood,1,,,,0,,
322,322,been,1,,,,0,,
326,326,being,1,,,,0,,
331,331,bell,1,,,,0,,
333,333,belper,1,,,,0,,
334,334,bench,1,,,,0,,
336,336,bengali,1,,,,0,,
337,337,bento,1,,,,0,,
338,338,berries,1,,,,0,,
339,339,berry,1,,,,0,,
340,340,berth,1,,,,0,,
341,341,beryane,1,,,,0,,
342,342,beryani,1,,,,0,,
343,343,beskuit,1,,,,0,,
346,346,beta,1,,,,0,,
348,348,beverage,1,,,,0,,
349,349,bfpuk,1,,,,0,,
350,350,bhaji,1,,,,0,,
351,351,bhalley,1,,,,0,,
352,352,bhare,1,,,,0,,
353,353,bhiryani,1,,,,0,,
355,355,bib,1,,,,0,,
358,358,bigger,1,,,,0,,
359,359,biggie,1,,,,0,,
360,360,bills,1,,,,0,,
361,361,bills+parking+cleaner,1,,,,0,,
362,362,bimby,1,,,,0,,
364,364,bins,1,,,,0,,
365,365,biodegradable,1,,,,0,,
366,366,biran,1,,,,0,,
374,374,bite,1,,,,0,,
375,375,bites,1,,,,0,,
377,377,bitter,1,,,,0,,
379,379,blackley,1,,,,0,,
380,380,blackthorn,1,,,,0,,
381,381,blades,1,,,,0,,
382,382,blasting,1,,,,0,,
383,383,blend,1,,,,0,,
385,385,blitz,1,,,,0,,
386,386,block,1,,,,0,,
388,388,blondies,1,,,,0,,
389,389,blossom,1,,,,0,,
391,391,blueberry,1,,,,0,,
392,392,bluebird,1,,,,0,,
393,393,blush,1,,,,0,,
394,394,bn,1,,,,0,,
396,396,bo‚Äôs,1,,,,0,,
399,399,boba,1,,,,0,,
403,403,boiled,1,,,,0,,
404,404,boilies,1,,,,0,,
405,405,boll,1,,,,0,,
410,410,bonfire,1,,,,0,,
413,413,bookings,1,,,,0,,
412,412,booküòÄ,1,,,,0,,
416,416,booth,1,,,,0,,
419,419,borosilicate,1,,,,0,,
420,420,boti‚Äù,1,,,,0,,
423,423,bought,1,,,,0,,
424,424,bouquet,1,,,,0,,
425,425,bouquets,1,,,,0,,
426,426,boutique,1,,,,0,,
432,432,boys,1,,,,0,,
433,433,bp,1,,,,0,,
434,434,bpa,1,,,,0,,
435,435,bracelet,1,,,,0,,
438,438,brands,1,,,,0,,
439,439,braun,1,,,,0,,
440,440,bravo,1,,,,0,,
446,446,brean,1,,,,0,,
448,448,brewing,1,,,,0,,
449,449,brick,1,,,,0,,
450,450,bright,1,,,,0,,
451,451,britain,1,,,,0,,
452,452,brittle,1,,,,0,,
453,453,brixton,1,,,,0,,
456,456,brockworth,1,,,,0,,
458,458,brown,1,,,,0,,
459,459,browne,1,,,,0,,
460,460,brownie,1,,,,0,,
462,462,brush,1,,,,0,,
464,464,bsah,1,,,,0,,
465,465,bsey,1,,,,0,,
467,467,bubblicious,1,,,,0,,
468,468,buchty,1,,,,0,,
470,470,buckets,1,,,,0,,
471,471,budget,1,,,,0,,
472,472,buffet,1,,,,0,,
473,473,buffet?,1,,,,0,,
480,480,bunnies,1,,,,0,,
482,482,buoi,1,,,,0,,
485,485,burner,1,,,,0,,
486,486,burners,1,,,,0,,
496,496,buzzard,1,,,,0,,
499,499,ca,1,,,,0,,
500,500,cabbage,1,,,,0,,
501,501,cabin,1,,,,0,,
503,503,cabins,1,,,,0,,
505,505,caddy,1,,,,0,,
506,506,caerau,1,,,,0,,
508,508,caf√©,1,,,,0,,
512,512,calendar,1,,,,0,,
513,513,calendars,1,,,,0,,
514,514,calender,1,,,,0,,
515,515,california,1,,,,0,,
517,517,camelford,1,,,,0,,
518,518,camp,1,,,,0,,
523,523,canapes,1,,,,0,,
525,525,candle=father,1,,,,0,,
527,527,candyfloss,1,,,,0,,
528,528,canister,1,,,,0,,
529,529,canned,1,,,,0,,
531,531,canvas,1,,,,0,,
532,532,canvases,1,,,,0,,
533,533,capcicum,1,,,,0,,
539,539,card,1,,,,0,,
540,540,cardboard,1,,,,0,,
541,541,cardinal,1,,,,0,,
542,542,cards,1,,,,0,,
544,544,carer,1,,,,0,,
545,545,carmel,1,,,,0,,
547,547,carpet,1,,,,0,,
548,548,carpysteves,1,,,,0,,
550,550,carry,1,,,,0,,
555,555,casserole,1,,,,0,,
559,559,cater,1,,,,0,,
561,561,caterlite,1,,,,0,,
562,562,catfish,1,,,,0,,
563,563,cath,1,,,,0,,
564,564,cats,1,,,,0,,
565,565,cauliflower,1,,,,0,,
566,566,cavalier,1,,,,0,,
567,567,cavity,1,,,,0,,
568,568,caw,1,,,,0,,
569,569,cc,1,,,,0,,
571,571,central,1,,,,0,,
573,573,ceramic,1,,,,0,,
575,575,cf***,1,,,,0,,
576,576,ch,1,,,,0,,
578,578,chad,1,,,,0,,
579,579,chaffing,1,,,,0,,
580,580,chains,1,,,,0,,
581,581,chair,1,,,,0,,
583,583,chalets,1,,,,0,,
584,584,chalvey,1,,,,0,,
587,587,channay,1,,,,0,,
588,588,chany,1,,,,0,,
592,592,chapel,1,,,,0,,
595,595,chappli,1,,,,0,,
597,597,characters,1,,,,0,,
598,598,charity,1,,,,0,,
599,599,charles,1,,,,0,,
600,600,chat,1,,,,0,,
601,601,chatni,1,,,,0,,
603,603,chawal,1,,,,0,,
606,606,chebe,1,,,,0,,
607,607,checked,1,,,,0,,
608,608,cheep,1,,,,0,,
609,609,chees,1,,,,0,,
613,613,cheeseflan,1,,,,0,,
615,615,chefüíï,1,,,,0,,
617,617,cherry,1,,,,0,,
618,618,chesham,1,,,,0,,
619,619,chest,1,,,,0,,
620,620,chevdo,1,,,,0,,
621,621,chevra,1,,,,0,,
623,623,chic,1,,,,0,,
624,624,chick,1,,,,0,,
626,626,chickpea,1,,,,0,,
627,627,chickpeas,1,,,,0,,
628,628,chief,1,,,,0,,
639,639,china,1,,,,0,,
643,643,chiswick,1,,,,0,,
644,644,chlebicky,1,,,,0,,
649,649,chop,1,,,,0,,
652,652,chops****,1,,,,0,,
660,660,ciasta,1,,,,0,,
661,661,cider,1,,,,0,,
662,662,cinema,1,,,,0,,
664,664,ckn,1,,,,0,,
665,665,clarified,1,,,,0,,
667,667,classes,1,,,,0,,
670,670,clayrazy,1,,,,0,,
678,678,clever,1,,,,0,,
680,680,cliffs,1,,,,0,,
682,682,clippers,1,,,,0,,
684,684,clitheroe,1,,,,0,,
685,685,clock,1,,,,0,,
687,687,cluster,1,,,,0,,
689,689,coach,1,,,,0,,
690,690,coal,1,,,,0,,
691,691,coating,1,,,,0,,
694,694,code,1,,,,0,,
695,695,coffe,1,,,,0,,
697,697,coffeeshop,1,,,,0,,
698,698,coins,1,,,,0,,
701,701,coleslaw,1,,,,0,,
705,705,collector,1,,,,0,,
706,706,color,1,,,,0,,
707,707,colorful,1,,,,0,,
709,709,colour:black,1,,,,0,,
710,710,coloured,1,,,,0,,
711,711,colours,1,,,,0,,
714,714,combos,1,,,,0,,
715,715,come,1,,,,0,,
716,716,comedy,1,,,,0,,
719,719,comment,1,,,,0,,
721,721,commis,1,,,,0,,
723,723,compact,1,,,,0,,
725,725,compartment,1,,,,0,,
727,727,completes,1,,,,0,,
728,728,compost,1,,,,0,,
729,729,concentrate,1,,,,0,,
731,731,condensed,1,,,,0,,
736,736,confectionery,1,,,,0,,
737,737,confetti,1,,,,0,,
738,738,conran,1,,,,0,,
739,739,consultant,1,,,,0,,
743,743,continer,1,,,,0,,
745,745,conveniently,1,,,,0,,
757,757,cookies:,1,,,,0,,
760,760,cool,1,,,,0,,
761,761,coolbox,1,,,,0,,
763,763,copies,1,,,,0,,
764,764,copy,1,,,,0,,
765,765,cordette,1,,,,0,,
766,766,coriander,1,,,,0,,
768,768,cornbeef,1,,,,0,,
769,769,corned,1,,,,0,,
770,770,corner,1,,,,0,,
772,772,cornflakes,1,,,,0,,
773,773,cornish,1,,,,0,,
774,774,cornulete,1,,,,0,,
775,775,cornwall,1,,,,0,,
776,776,cornwall?,1,,,,0,,
777,777,cosalt,1,,,,0,,
778,778,cosplay,1,,,,0,,
780,780,cosy,1,,,,0,,
782,782,count,1,,,,0,,
783,783,countertop,1,,,,0,,
785,785,coupon,1,,,,0,,
786,786,couriers,1,,,,0,,
791,791,cow,1,,,,0,,
792,792,coxinha,1,,,,0,,
793,793,crackers,1,,,,0,,
795,795,crafted,1,,,,0,,
800,800,crawley,1,,,,0,,
801,801,crazy,1,,,,0,,
804,804,creations,1,,,,0,,
805,805,creative,1,,,,0,,
806,806,crepe,1,,,,0,,
807,807,crepes,1,,,,0,,
808,808,creuset,1,,,,0,,
809,809,crispy,1,,,,0,,
810,810,crochet,1,,,,0,,
811,811,crochet:,1,,,,0,,
812,812,cross,1,,,,0,,
813,813,crumble,1,,,,0,,
815,815,crumbs,1,,,,0,,
817,817,crunch,1,,,,0,,
819,819,crystilised,1,,,,0,,
820,820,csrry,1,,,,0,,
821,821,cu,1,,,,0,,
825,825,cuddle,1,,,,0,,
827,827,cup,1,,,,0,,
828,828,cupboard,1,,,,0,,
829,829,cupboards,1,,,,0,,
839,839,cushion,1,,,,0,,
840,840,cusine,1,,,,0,,
843,843,cutlets,1,,,,0,,
849,849,dabeli,1,,,,0,,
850,850,daewoo,1,,,,0,,
851,851,daf,1,,,,0,,
852,852,daffodils,1,,,,0,,
855,855,daisy,1,,,,0,,
856,856,dal,1,,,,0,,
857,857,dandelion,1,,,,0,,
858,858,danish,1,,,,0,,
859,859,dannys,1,,,,0,,
861,861,dartington,1,,,,0,,
862,862,dartmouth,1,,,,0,,
863,863,dates,1,,,,0,,
867,867,dbs,1,,,,0,,
868,868,december,1,,,,0,,
871,871,decorated,1,,,,0,,
872,872,decorating,1,,,,0,,
873,873,decoration,1,,,,0,,
876,876,decore,1,,,,0,,
877,877,dehydrating,1,,,,0,,
878,878,deli,1,,,,0,,
881,881,delight,1,,,,0,,
887,887,deluxe,1,,,,0,,
890,890,deodorant,1,,,,0,,
891,891,deposit,1,,,,0,,
892,892,desert,1,,,,0,,
894,894,design,1,,,,0,,
895,895,designed,1,,,,0,,
896,896,designer,1,,,,0,,
897,897,designs,1,,,,0,,
902,902,devon,1,,,,0,,
903,903,devoran,1,,,,0,,
904,904,dfs,1,,,,0,,
905,905,dhakaia,1,,,,0,,
907,907,die,1,,,,0,,
909,909,different,1,,,,0,,
910,910,diffusers‚Ä¢wax,1,,,,0,,
912,912,dill,1,,,,0,,
914,914,dining,1,,,,0,,
918,918,dipped,1,,,,0,,
919,919,directly,1,,,,0,,
920,920,discount,1,,,,0,,
921,921,discounted,1,,,,0,,
922,922,discraption,1,,,,0,,
923,923,discs,1,,,,0,,
926,926,dishwasher,1,,,,0,,
927,927,disi,1,,,,0,,
928,928,disney,1,,,,0,,
931,931,disposable,1,,,,0,,
933,933,dj,1,,,,0,,
935,935,doddle,1,,,,0,,
941,941,dolcegusto,1,,,,0,,
943,943,dollhouse,1,,,,0,,
945,945,domace,1,,,,0,,
946,946,domed,1,,,,0,,
950,950,donate,1,,,,0,,
951,951,donations,1,,,,0,,
953,953,donut,1,,,,0,,
954,954,doodle,1,,,,0,,
956,956,doorstep,1,,,,0,,
957,957,dorchester,1,,,,0,,
958,958,dore,1,,,,0,,
962,962,doubles,1,,,,0,,
964,964,dough,1,,,,0,,
965,965,doughnut,1,,,,0,,
966,966,doughnuts,1,,,,0,,
967,967,downsize,1,,,,0,,
968,968,dragon,1,,,,0,,
969,969,drainage,1,,,,0,,
970,970,drawers,1,,,,0,,
972,972,dresses,1,,,,0,,
974,974,drink,1,,,,0,,
975,975,drinking,1,,,,0,,
979,979,drop,1,,,,0,,
980,980,drum,1,,,,0,,
981,981,drums,1,,,,0,,
983,983,dt,1,,,,0,,
984,984,dual,1,,,,0,,
985,985,dulciuri,1,,,,0,,
987,987,dumm,1,,,,0,,
988,988,dummy,1,,,,0,,
989,989,dump,1,,,,0,,
991,991,dunscoft,1,,,,0,,
992,992,duplex,1,,,,0,,
993,993,durabl,1,,,,0,,
994,994,durable,1,,,,0,,
996,996,duty,1,,,,0,,
997,997,dvds,1,,,,0,,
1001,1001,earthenware,1,,,,0,,
1003,1003,easter,1,,,,0,,
1007,1007,easymat,1,,,,0,,
1008,1008,eat,1,,,,0,,
1010,1010,eclectic,1,,,,0,,
1012,1012,ecovent,1,,,,0,,
1013,1013,ect,1,,,,0,,
1014,1014,edge,1,,,,0,,
1015,1015,edition,1,,,,0,,
1016,1016,effect,1,,,,0,,
1020,1020,ehbx,1,,,,0,,
1021,1021,eid,1,,,,0,,
1022,1022,eid=arbgydrkzkgajbuguatlvw,1,,,,0,,
1024,1024,elddis,1,,,,0,,
1028,1028,elite,1,,,,0,,
1029,1029,ellen,1,,,,0,,
1031,1031,elsenham,1,,,,0,,
1032,1032,embossers,1,,,,0,,
1034,1034,emptied,1,,,,0,,
1036,1036,ems,1,,,,0,,
1037,1037,emulsified,1,,,,0,,
1038,1038,enamel,1,,,,0,,
1039,1039,enchanted,1,,,,0,,
1041,1041,energy,1,,,,0,,
1042,1042,engagement,1,,,,0,,
1045,1045,enhanced,1,,,,0,,
1048,1048,epoxy,1,,,,0,,
1050,1050,erdington,1,,,,0,,
1052,1052,estate,1,,,,0,,
1054,1054,etched,1,,,,0,,
1055,1055,ethnic,1,,,,0,,
1056,1056,eurocargo,1,,,,0,,
1058,1058,event,1,,,,0,,
1059,1059,events,1,,,,0,,
1063,1063,evesham,1,,,,0,,
1064,1064,ex,1,,,,0,,
1067,1067,exclusive,1,,,,0,,
1068,1068,exfoliating,1,,,,0,,
1069,1069,experienced,1,,,,0,,
1070,1070,experiment,1,,,,0,,
1071,1071,express,1,,,,0,,
1072,1072,expressomachine,1,,,,0,,
1075,1075,face,1,,,,0,,
1078,1078,fairs,1,,,,0,,
1079,1079,fake,1,,,,0,,
1080,1080,falafel,1,,,,0,,
1081,1081,falafels,1,,,,0,,
1084,1084,fans,1,,,,0,,
1087,1087,fast,1,,,,0,,
1088,1088,father,1,,,,0,,
1089,1089,fathers,1,,,,0,,
1091,1091,feb,1,,,,0,,
1092,1092,fed,1,,,,0,,
1096,1096,feel,1,,,,0,,
1097,1097,feezer,1,,,,0,,
1098,1098,felt,1,,,,0,,
1099,1099,felting,1,,,,0,,
1101,1101,festival,1,,,,0,,
1103,1103,few,1,,,,0,,
1104,1104,field,1,,,,0,,
1105,1105,figurine,1,,,,0,,
1112,1112,filters,1,,,,0,,
1113,1113,final,1,,,,0,,
1114,1114,fine,1,,,,0,,
1115,1115,firefighters,1,,,,0,,
1120,1120,fitness,1,,,,0,,
1121,1121,fits,1,,,,0,,
1122,1122,flagging,1,,,,0,,
1124,1124,flashing,1,,,,0,,
1126,1126,flasks,1,,,,0,,
1129,1129,flavoured,1,,,,0,,
1131,1131,floating,1,,,,0,,
1132,1132,floor,1,,,,0,,
1133,1133,floral,1,,,,0,,
1136,1136,fluffy,1,,,,0,,
1137,1137,fm,1,,,,0,,
1138,1138,fob,1,,,,0,,
1139,1139,focus,1,,,,0,,
1140,1140,fold,1,,,,0,,
1141,1141,folding,1,,,,0,,
1143,1143,food?,1,,,,0,,
1144,1144,food‚Äô,1,,,,0,,
1145,1145,foodbiryani,1,,,,0,,
1146,1146,foodies,1,,,,0,,
1149,1149,footstool,1,,,,0,,
1153,1153,forgot,1,,,,0,,
1154,1154,fork,1,,,,0,,
1155,1155,forks,1,,,,0,,
1156,1156,found,1,,,,0,,
1158,1158,fragranced,1,,,,0,,
1159,1159,fragrences,1,,,,0,,
1160,1160,frame,1,,,,0,,
1164,1164,freezable,1,,,,0,,
1165,1165,freeze,1,,,,0,,
1167,1167,french,1,,,,0,,
1171,1171,freshfood,1,,,,0,,
1173,1173,freshner,1,,,,0,,
1174,1174,freshprochef,1,,,,0,,
1178,1178,friend,1,,,,0,,
1181,1181,fries,1,,,,0,,
1182,1182,frim,1,,,,0,,
1183,1183,fritters,1,,,,0,,
1186,1186,frost,1,,,,0,,
1190,1190,fruitcakes,1,,,,0,,
1191,1191,fruity,1,,,,0,,
1192,1192,frwshmy,1,,,,0,,
1195,1195,frying,1,,,,0,,
1198,1198,fudgy,1,,,,0,,
1200,1200,fuels,1,,,,0,,
1201,1201,fulab,1,,,,0,,
1205,1205,functions,1,,,,0,,
1206,1206,fundraising,1,,,,0,,
1207,1207,fur,1,,,,0,,
1209,1209,furry,1,,,,0,,
1210,1210,fyewrzuidkweovxtfd,1,,,,0,,
1212,1212,gajar,1,,,,0,,
1214,1214,gamer,1,,,,0,,
1215,1215,gappay,1,,,,0,,
1218,1218,gareth,1,,,,0,,
1221,1221,gate,1,,,,0,,
1222,1222,gathering,1,,,,0,,
1223,1223,gender,1,,,,0,,
1226,1226,genius,1,,,,0,,
1227,1227,geode,1,,,,0,,
1228,1228,georgian,1,,,,0,,
1230,1230,german,1,,,,0,,
1232,1232,gff,1,,,,0,,
1235,1235,ghormeh,1,,,,0,,
1236,1236,giannini,1,,,,0,,
1238,1238,giftbox,1,,,,0,,
1240,1240,gin,1,,,,0,,
1241,1241,ginger,1,,,,0,,
1243,1243,giraffe,1,,,,0,,
1244,1244,give,1,,,,0,,
1245,1245,glacier,1,,,,0,,
1248,1248,glaze,1,,,,0,,
1249,1249,glazing,1,,,,0,,
1250,1250,glitter,1,,,,0,,
1254,1254,glug,1,,,,0,,
1256,1256,glycerin,1,,,,0,,
1257,1257,glycerine,1,,,,0,,
1258,1258,gms,1,,,,0,,
1260,1260,goal,1,,,,0,,
1261,1261,goat,1,,,,0,,
1262,1262,goblet,1,,,,0,,
1263,1263,goey,1,,,,0,,
1269,1269,gonjo,1,,,,0,,
1272,1272,goods,1,,,,0,,
1273,1273,goor,1,,,,0,,
1274,1274,gorgeous,1,,,,0,,
1275,1275,goshat,1,,,,0,,
1277,1277,got,1,,,,0,,
1278,1278,gothic,1,,,,0,,
1279,1279,gotowania,1,,,,0,,
1281,1281,gourd,1,,,,0,,
1282,1282,gourdkeema,1,,,,0,,
1284,1284,graces,1,,,,0,,
1286,1286,graffiti,1,,,,0,,
1287,1287,granit,1,,,,0,,
1289,1289,grapevine,1,,,,0,,
1290,1290,grass,1,,,,0,,
1291,1291,gravesend,1,,,,0,,
1292,1292,gravy,1,,,,0,,
1293,1293,grazers,1,,,,0,,
1295,1295,greatest,1,,,,0,,
1296,1296,greek,1,,,,0,,
1300,1300,grilled,1,,,,0,,
1301,1301,grinch,1,,,,0,,
1303,1303,grinding,1,,,,0,,
1305,1305,grotto,1,,,,0,,
1306,1306,groundworks,1,,,,0,,
1309,1309,gt,1,,,,0,,
1312,1312,gulabjamun,1,,,,0,,
1314,1314,guppa,1,,,,0,,
1315,1315,gurar,1,,,,0,,
1316,1316,guror,1,,,,0,,
1318,1318,had,1,,,,0,,
1319,1319,hadramout,1,,,,0,,
1320,1320,haier,1,,,,0,,
1321,1321,hair,1,,,,0,,
1324,1324,half,1,,,,0,,
1325,1325,halfmoon,1,,,,0,,
1326,1326,halfords,1,,,,0,,
1328,1328,hall,1,,,,0,,
1330,1330,halogen,1,,,,0,,
1331,1331,halw,1,,,,0,,
1333,1333,ham,1,,,,0,,
1337,1337,hampersüéÑüéÑüéÅüéÅ,1,,,,0,,
1335,1335,hamperüéÑ,1,,,,0,,
1342,1342,handheld,1,,,,0,,
1343,1343,handi,1,,,,0,,
1344,1344,handle,1,,,,0,,
1346,1346,hanger,1,,,,0,,
1347,1347,hanging,1,,,,0,,
1348,1348,happy,1,,,,0,,
1350,1350,harding,1,,,,0,,
1351,1351,hardwood,1,,,,0,,
1352,1352,harissa,1,,,,0,,
1353,1353,harnesses,1,,,,0,,
1354,1354,harry,1,,,,0,,
1355,1355,hassle,1,,,,0,,
1356,1356,hastings,1,,,,0,,
1357,1357,hats,1,,,,0,,
1360,1360,haven,1,,,,0,,
1362,1362,hazelnut,1,,,,0,,
1364,1364,headband,1,,,,0,,
1366,1366,healty,1,,,,0,,
1368,1368,heartlake,1,,,,0,,
1369,1369,hearts,1,,,,0,,
1370,1370,heat,1,,,,0,,
1371,1371,heater,1,,,,0,,
1372,1372,heaters,1,,,,0,,
1373,1373,heating,1,,,,0,,
1375,1375,hedgehog,1,,,,0,,
1376,1376,heel,1,,,,0,,
1377,1377,heena,1,,,,0,,
1378,1378,heli,1,,,,0,,
1379,1379,hellalicous,1,,,,0,,
1380,1380,hellfire,1,,,,0,,
1382,1382,henkelman,1,,,,0,,
1387,1387,hexagon,1,,,,0,,
1388,1388,hi,1,,,,0,,
1389,1389,hideaway,1,,,,0,,
1391,1391,hill,1,,,,0,,
1392,1392,hippo,1,,,,0,,
1394,1394,hmc,1,,,,0,,
1395,1395,hoagie,1,,,,0,,
1399,1399,hold,1,,,,0,,
1402,1402,hole,1,,,,0,,
1404,1404,holistic,1,,,,0,,
1405,1405,hollow,1,,,,0,,
1406,1406,hollywood,1,,,,0,,
1408,1408,homebake,1,,,,0,,
1409,1409,homebakes,1,,,,0,,
1410,1410,homebaking,1,,,,0,,
1411,1411,homecooked,1,,,,0,,
1412,1412,homefire,1,,,,0,,
1414,1414,homemed,1,,,,0,,
1415,1415,homes,1,,,,0,,
1423,1423,hotpoint,1,,,,0,,
1424,1424,hotpot,1,,,,0,,
1425,1425,hour,1,,,,0,,
1428,1428,houses,1,,,,0,,
1429,1429,houseswap,1,,,,0,,
1430,1430,housewares,1,,,,0,,
1431,1431,hoyle,1,,,,0,,
1434,1434,hullbridge,1,,,,0,,
1437,1437,hunstanton,1,,,,0,,
1438,1438,husky,1,,,,0,,
1440,1440,hutch,1,,,,0,,
1442,1442,hyderabadi,1,,,,0,,
1443,1443,hygienic,1,,,,0,,
1448,1448,ide,1,,,,0,,
1451,1451,ideas,1,,,,0,,
1454,1454,iftar,1,,,,0,,
1455,1455,ikea,1,,,,0,,
1456,1456,ilkeston,1,,,,0,,
1457,1457,im,1,,,,0,,
1459,1459,immediately,1,,,,0,,
1461,1461,inbox,1,,,,0,,
1463,1463,incl,1,,,,0,,
1465,1465,independent,1,,,,0,,
1470,1470,individually,1,,,,0,,
1471,1471,individuals,1,,,,0,,
1474,1474,industrial,1,,,,0,,
1476,1476,inflatables,1,,,,0,,
1478,1478,infused,1,,,,0,,
1480,1480,ingriedents,1,,,,0,,
1481,1481,innsworth,1,,,,0,,
1482,1482,insert,1,,,,0,,
1484,1484,inshallah,1,,,,0,,
1485,1485,inspied,1,,,,0,,
1486,1486,inspired,1,,,,0,,
1487,1487,instagram,1,,,,0,,
1489,1489,interactive,1,,,,0,,
1490,1490,interchangeable,1,,,,0,,
1491,1491,interested,1,,,,0,,
1492,1492,intolerance,1,,,,0,,
1493,1493,introducing,1,,,,0,,
1494,1494,invitation,1,,,,0,,
1497,1497,irp,1,,,,0,,
1501,1501,italy,1,,,,0,,
1502,1502,item,1,,,,0,,
1504,1504,itsy,1,,,,0,,
1506,1506,j,1,,,,0,,
1507,1507,jaj,1,,,,0,,
1508,1508,jalfrezi,1,,,,0,,
1512,1512,jamie,1,,,,0,,
1513,1513,jamie‚Äôs,1,,,,0,,
1517,1517,jar‚ùóÔ∏è,1,,,,0,,
1519,1519,jedzenie,1,,,,0,,
1520,1520,jelabiy,1,,,,0,,
1521,1521,jelly,1,,,,0,,
1523,1523,jewellery,1,,,,0,,
1524,1524,jg,1,,,,0,,
1525,1525,jilapi,1,,,,0,,
1526,1526,john,1,,,,0,,
1528,1528,jojo,1,,,,0,,
1530,1530,juicer,1,,,,0,,
1531,1531,july,1,,,,0,,
1532,1532,jumble,1,,,,0,,
1533,1533,jumbo,1,,,,0,,
1534,1534,juniper,1,,,,0,,
1535,1535,jup,1,,,,0,,
1537,1537,juz,1,,,,0,,
1567,1567,ka≈ºdƒÖ,1,,,,0,,
1543,1543,kabans,1,,,,0,,
1544,1544,kabole,1,,,,0,,
1546,1546,kacchi,1,,,,0,,
1547,1547,kachori,1,,,,0,,
1548,1548,kadahi,1,,,,0,,
1549,1549,kaddu,1,,,,0,,
1550,1550,kadhey,1,,,,0,,
1551,1551,kadhi,1,,,,0,,
1552,1552,kaja,1,,,,0,,
1553,1553,kajoor,1,,,,0,,
1554,1554,kanga,1,,,,0,,
1557,1557,karahimutton,1,,,,0,,
1558,1558,karak,1,,,,0,,
1559,1559,karalay,1,,,,0,,
1560,1560,kareela,1,,,,0,,
1561,1561,karele,1,,,,0,,
1562,1562,karhai,1,,,,0,,
1563,1563,karhi,1,,,,0,,
1565,1565,karmels,1,,,,0,,
1570,1570,kebabmutton,1,,,,0,,
1574,1574,keeping,1,,,,0,,
1575,1575,keg,1,,,,0,,
1576,1576,kennel,1,,,,0,,
1578,1578,kerala,1,,,,0,,
1579,1579,kerepek,1,,,,0,,
1584,1584,khadi,1,,,,0,,
1585,1585,khajoor,1,,,,0,,
1586,1586,khajor,1,,,,0,,
1591,1591,khichuri,1,,,,0,,
1592,1592,khoai,1,,,,0,,
1593,1593,khurma,1,,,,0,,
1594,1594,kibinai,1,,,,0,,
1596,1596,kidston,1,,,,0,,
1597,1597,kimchi,1,,,,0,,
1598,1598,kind,1,,,,0,,
1599,1599,kinds,1,,,,0,,
1602,1602,kirstys,1,,,,0,,
1605,1605,kitchenaid,1,,,,0,,
1606,1606,kitchenella,1,,,,0,,
1607,1607,kitchens,1,,,,0,,
1608,1608,kitchenstone,1,,,,0,,
1609,1609,kitty‚Äôs,1,,,,0,,
1610,1610,kitumbua,1,,,,0,,
1611,1611,klarstein,1,,,,0,,
1613,1613,knows,1,,,,0,,
1615,1615,kofte,1,,,,0,,
1616,1616,kofteh,1,,,,0,,
1617,1617,koko,1,,,,0,,
1618,1618,kong,1,,,,0,,
1619,1619,korai,1,,,,0,,
1620,1620,kraut,1,,,,0,,
1622,1622,kufta,1,,,,0,,
1623,1623,kuih,1,,,,0,,
1625,1625,kunafe,1,,,,0,,
1626,1626,kunna,1,,,,0,,
1627,1627,kupcakes,1,,,,0,,
1628,1628,kuppet,1,,,,0,,
1629,1629,kurdish,1,,,,0,,
1631,1631,labond,1,,,,0,,
1632,1632,laddu,1,,,,0,,
1634,1634,lahma,1,,,,0,,
1635,1635,lahore,1,,,,0,,
1637,1637,lakeland,1,,,,0,,
1638,1638,lala‚Äôs,1,,,,0,,
1640,1640,lamp,1,,,,0,,
1641,1641,lampshades,1,,,,0,,
1643,1643,lane,1,,,,0,,
1645,1645,larder,1,,,,0,,
1649,1649,laser,1,,,,0,,
1650,1650,last,1,,,,0,,
1652,1652,latino,1,,,,0,,
1653,1653,lauki,1,,,,0,,
1654,1654,launcher,1,,,,0,,
1655,1655,lavender,1,,,,0,,
1656,1656,lawson,1,,,,0,,
1658,1658,leads,1,,,,0,,
1659,1659,leaf,1,,,,0,,
1660,1660,learn,1,,,,0,,
1662,1662,lease,1,,,,0,,
1663,1663,leasehold,1,,,,0,,
1664,1664,leaves,1,,,,0,,
1665,1665,lebo,1,,,,0,,
1669,1669,leigh,1,,,,0,,
1670,1670,leighton,1,,,,0,,
1672,1672,lemongrass,1,,,,0,,
1673,1673,len,1,,,,0,,
1674,1674,leonardo,1,,,,0,,
1675,1675,less,1,,,,0,,
1677,1677,letter,1,,,,0,,
1679,1679,lewis,1,,,,0,,
1680,1680,leyland,1,,,,0,,
1681,1681,lhd,1,,,,0,,
1685,1685,lifestyle,1,,,,0,,
1687,1687,lightening,1,,,,0,,
1688,1688,lighting,1,,,,0,,
1689,1689,lightly,1,,,,0,,
1690,1690,lights,1,,,,0,,
1692,1692,lime,1,,,,0,,
1693,1693,limited,1,,,,0,,
1694,1694,lincolnshire,1,,,,0,,
1695,1695,lines,1,,,,0,,
1698,1698,lipsolves,1,,,,0,,
1699,1699,lipsticks,1,,,,0,,
1701,1701,liquidiser,1,,,,0,,
1702,1702,liss,1,,,,0,,
1703,1703,list,1,,,,0,,
1704,1704,lit,1,,,,0,,
1705,1705,lite,1,,,,0,,
1706,1706,lithuania,1,,,,0,,
1708,1708,litres,1,,,,0,,
1713,1713,loaf,1,,,,0,,
1716,1716,located,1,,,,0,,
1719,1719,lodges,1,,,,0,,
1720,1720,log,1,,,,0,,
1721,1721,lollipops,1,,,,0,,
1725,1725,looked,1,,,,0,,
1731,1731,loves,1,,,,0,,
1732,1732,lovley,1,,,,0,,
1735,1735,ltd,1,,,,0,,
1736,1736,ltr,1,,,,0,,
1737,1737,ludlow,1,,,,0,,
1739,1739,lunches,1,,,,0,,
1740,1740,lunchtime,1,,,,0,,
1742,1742,luton,1,,,,0,,
1750,1750,machinery,1,,,,0,,
1751,1751,macrame,1,,,,0,,
1753,1753,magaj,1,,,,0,,
1755,1755,magical,1,,,,0,,
1756,1756,magimix,1,,,,0,,
1757,1757,mahogany,1,,,,0,,
1758,1758,mahshe,1,,,,0,,
1759,1759,mail,1,,,,0,,
1760,1760,mainly,1,,,,0,,
1767,1767,malabari,1,,,,0,,
1770,1770,mallow,1,,,,0,,
1771,1771,maltesers,1,,,,0,,
1772,1772,maman,1,,,,0,,
1779,1779,manual,1,,,,0,,
1780,1780,many,1,,,,0,,
1782,1782,march,1,,,,0,,
1785,1785,marine,1,,,,0,,
1786,1786,marks,1,,,,0,,
1787,1787,marleys,1,,,,0,,
1789,1789,marmita,1,,,,0,,
1790,1790,marshmallow,1,,,,0,,
1791,1791,marvel,1,,,,0,,
1792,1792,mas,1,,,,0,,
1793,1793,masal,1,,,,0,,
1795,1795,masalla,1,,,,0,,
1796,1796,mascarpone,1,,,,0,,
1799,1799,massage,1,,,,0,,
1800,1800,massive,1,,,,0,,
1802,1802,masters,1,,,,0,,
1804,1804,matar,1,,,,0,,
1805,1805,matarmince,1,,,,0,,
1806,1806,matching,1,,,,0,,
1807,1807,mats,1,,,,0,,
1809,1809,mau,1,,,,0,,
1811,1811,mcqueen,1,,,,0,,
1817,1817,meaty,1,,,,0,,
1819,1819,medum,1,,,,0,,
1820,1820,medus,1,,,,0,,
1823,1823,meenoschicken,1,,,,0,,
1824,1824,meet,1,,,,0,,
1825,1825,mega,1,,,,0,,
1828,1828,mellissa,1,,,,0,,
1829,1829,melt,1,,,,0,,
1830,1830,melter,1,,,,0,,
1833,1833,menu‚Äº,1,,,,0,,
1835,1835,mermaid,1,,,,0,,
1836,1836,mesh,1,,,,0,,
1839,1839,messenger,1,,,,0,,
1840,1840,mesyte,1,,,,0,,
1844,1844,mews,1,,,,0,,
1845,1845,michelle‚Äôs,1,,,,0,,
1848,1848,milad,1,,,,0,,
1850,1850,mileage,1,,,,0,,
1851,1851,miles,1,,,,0,,
1855,1855,minced,1,,,,0,,
1858,1858,miniature,1,,,,0,,
1859,1859,miniatures,1,,,,0,,
1860,1860,minimum,1,,,,0,,
1861,1861,ministry,1,,,,0,,
1862,1862,mins,1,,,,0,,
1863,1863,mintandchoc,1,,,,0,,
1864,1864,minted,1,,,,0,,
1866,1866,miod,1,,,,0,,
1869,1869,miss,1,,,,0,,
1871,1871,missing,1,,,,0,,
1877,1877,mixture,1,,,,0,,
1881,1881,modern,1,,,,0,,
1882,1882,moffat,1,,,,0,,
1883,1883,moi,1,,,,0,,
1884,1884,moisturising,1,,,,0,,
1885,1885,mold,1,,,,0,,
1886,1886,mon,1,,,,0,,
1887,1887,monday,1,,,,0,,
1888,1888,monsoon,1,,,,0,,
1891,1891,mood,1,,,,0,,
1892,1892,moose,1,,,,0,,
1898,1898,morphey,1,,,,0,,
1899,1899,morphy,1,,,,0,,
1900,1900,morris,1,,,,0,,
1902,1902,morsa,1,,,,0,,
1903,1903,mortar,1,,,,0,,
1904,1904,most,1,,,,0,,
1906,1906,motion,1,,,,0,,
1909,1909,moulding,1,,,,0,,
1910,1910,mount,1,,,,0,,
1912,1912,mousakka,1,,,,0,,
1913,1913,mouth,1,,,,0,,
1917,1917,mpg,1,,,,0,,
1918,1918,mraba,1,,,,0,,
1919,1919,mre,1,,,,0,,
1921,1921,msemen,1,,,,0,,
1922,1922,msemmen,1,,,,0,,
1924,1924,muffins,1,,,,0,,
1927,1927,muih,1,,,,0,,
1930,1930,multifunctional,1,,,,0,,
1931,1931,multipractic,1,,,,0,,
1933,1933,munchies,1,,,,0,,
1934,1934,mushrooms,1,,,,0,,
1935,1935,must,1,,,,0,,
1936,1936,mustang,1,,,,0,,
1944,1944,nagar,1,,,,0,,
1945,1945,name,1,,,,0,,
1947,1947,nana,1,,,,0,,
1948,1948,nappy,1,,,,0,,
1949,1949,nashta,1,,,,0,,
1950,1950,national,1,,,,0,,
1953,1953,ne,1,,,,0,,
1954,1954,near,1,,,,0,,
1955,1955,neck,1,,,,0,,
1959,1959,neon,1,,,,0,,
1960,1960,nestle,1,,,,0,,
1961,1961,neve,1,,,,0,,
1964,1964,new:,1,,,,0,,
1965,1965,newbiggin,1,,,,0,,
1967,1967,newtown,1,,,,0,,
1968,1968,next,1,,,,0,,
1969,1969,nguoi,1,,,,0,,
1970,1970,nhl,1,,,,0,,
1971,1971,nibblet,1,,,,0,,
1972,1972,nice,1,,,,0,,
1973,1973,nierdzwenej,1,,,,0,,
1974,1974,nigella,1,,,,0,,
1975,1975,nigeria,1,,,,0,,
1978,1978,nimki,1,,,,0,,
1979,1979,ninaskitchen,1,,,,0,,
1980,1980,nj,1,,,,0,,
1981,1981,nn,1,,,,0,,
1985,1985,nonna,1,,,,0,,
1986,1986,noodle,1,,,,0,,
1989,1989,norman,1,,,,0,,
1994,1994,nowüòãüòãfree,1,,,,0,,
1996,1996,nuca,1,,,,0,,
1997,1997,nun,1,,,,0,,
1998,1998,nunbora,1,,,,0,,
1999,1999,nunor,1,,,,0,,
2000,2000,nuro,1,,,,0,,
2001,2001,nursing,1,,,,0,,
2007,2007,nutripouch,1,,,,0,,
2008,2008,nutritionist,1,,,,0,,
2009,2009,nuts,1,,,,0,,
2010,2010,nutshell,1,,,,0,,
2011,2011,nylon,1,,,,0,,
2013,2013,oakley,1,,,,0,,
2014,2014,oatmeal,1,,,,0,,
2015,2015,objednavku,1,,,,0,,
2018,2018,octavia,1,,,,0,,
2019,2019,oder,1,,,,0,,
2022,2022,offer,1,,,,0,,
2024,2024,offers,1,,,,0,,
2025,2025,offers:,1,,,,0,,
2023,2023,offerüòçüòçüòç,1,,,,0,,
2027,2027,offices,1,,,,0,,
2031,2031,okazje,1,,,,0,,
2034,2034,oldskool,1,,,,0,,
2035,2035,olio,1,,,,0,,
2036,2036,omlate,1,,,,0,,
2037,2037,omlet,1,,,,0,,
2040,2040,ones,1,,,,0,,
2044,2044,only*,1,,,,0,,
3332,3332,ÔøΩÔøΩcaribbean,1,,,,0,,
2046,2046,opportunity,1,,,,0,,
2047,2047,optare,1,,,,0,,
2048,2048,option,1,,,,0,,
2051,2051,orawka,1,,,,0,,
2052,2052,orb,1,,,,0,,
2057,2057,oreo,1,,,,0,,
2058,2058,oreshki,1,,,,0,,
2061,2061,organising,1,,,,0,,
2062,2062,organizer,1,,,,0,,
2067,2067,other,1,,,,0,,
2068,2068,others,1,,,,0,,
2071,2071,outdoor,1,,,,0,,
2072,2072,oval,1,,,,0,,
2074,2074,over,1,,,,0,,
2076,2076,owners,1,,,,0,,
2080,2080,package,1,,,,0,,
2081,2081,packages,1,,,,0,,
2082,2082,packer,1,,,,0,,
2083,2083,packet,1,,,,0,,
2084,2084,packets,1,,,,0,,
2086,2086,pad,1,,,,0,,
2088,2088,paint,1,,,,0,,
2091,2091,pakage,1,,,,0,,
2094,2094,pakoras,1,,,,0,,
2096,2096,pakwaan,1,,,,0,,
2097,2097,pakwan,1,,,,0,,
2098,2098,pallet,1,,,,0,,
2099,2099,palm,1,,,,0,,
2102,2102,pancake,1,,,,0,,
2103,2103,pancakes,1,,,,0,,
2105,2105,pangeri,1,,,,0,,
2106,2106,pani,1,,,,0,,
2108,2108,panjaeri,1,,,,0,,
2110,2110,panjiri,1,,,,0,,
2114,2114,paqueta,1,,,,0,,
2118,2118,parathas,1,,,,0,,
2119,2119,parenting,1,,,,0,,
2121,2121,parkview,1,,,,0,,
2122,2122,parlour,1,,,,0,,
2123,2123,parr‚Äôs,1,,,,0,,
2124,2124,parry,1,,,,0,,
2126,2126,partial,1,,,,0,,
2128,2128,parties?,1,,,,0,,
2130,2130,partys,1,,,,0,,
2131,2131,parze,1,,,,0,,
2136,2136,pastors,1,,,,0,,
2140,2140,pattern,1,,,,0,,
2141,2141,pav‚Äôs,1,,,,0,,
2142,2142,pavilion,1,,,,0,,
2143,2143,pavlovas,1,,,,0,,
2144,2144,pawsüêï,1,,,,0,,
2145,2145,pax,1,,,,0,,
2146,2146,pay,1,,,,0,,
2149,2149,payazüòãüòãorder,1,,,,0,,
2150,2150,payday,1,,,,0,,
2151,2151,paye,1,,,,0,,
2154,2154,pd,1,,,,0,,
2156,2156,pearls,1,,,,0,,
2158,2158,peasmeenos,1,,,,0,,
2159,2159,peekaboo,1,,,,0,,
2160,2160,pelmeni,1,,,,0,,
2161,2161,pencils,1,,,,0,,
2163,2163,penryn,1,,,,0,,
2164,2164,pentland,1,,,,0,,
2168,2168,peppermint,1,,,,0,,
2169,2169,peppers,1,,,,0,,
2172,2172,perfectly,1,,,,0,,
2173,2173,pergola,1,,,,0,,
2175,2175,permaguard,1,,,,0,,
2177,2177,personal,1,,,,0,,
2178,2178,personalise,1,,,,0,,
2180,2180,personlised,1,,,,0,,
2182,2182,peshawari,1,,,,0,,
2184,2184,petrol,1,,,,0,,
2186,2186,peugeot,1,,,,0,,
2187,2187,pf,1,,,,0,,
2188,2188,pharmacy,1,,,,0,,
2189,2189,philip,1,,,,0,,
2191,2191,phob,1,,,,0,,
2192,2192,phoi,1,,,,0,,
2193,2193,phone,1,,,,0,,
2194,2194,photo,1,,,,0,,
2195,2195,phrases,1,,,,0,,
2196,2196,phulka,1,,,,0,,
2197,2197,pic,1,,,,0,,
2198,2198,piccalilli,1,,,,0,,
2200,2200,picked,1,,,,0,,
2201,2201,pickel,1,,,,0,,
2202,2202,picking,1,,,,0,,
2206,2206,pickling,1,,,,0,,
2207,2207,pickups,1,,,,0,,
2209,2209,pico,1,,,,0,,
2210,2210,picture,1,,,,0,,
2213,2213,pieces,1,,,,0,,
2214,2214,pielmieni,1,,,,0,,
2221,2221,pilaupea,1,,,,0,,
2222,2222,pin,1,,,,0,,
2224,2224,pinnacle,1,,,,0,,
2225,2225,pinni,1,,,,0,,
2226,2226,pinniyan,1,,,,0,,
2227,2227,piony,1,,,,0,,
2228,2228,pipes,1,,,,0,,
2229,2229,pise,1,,,,0,,
2230,2230,pishwari,1,,,,0,,
2231,2231,pistachios,1,,,,0,,
2232,2232,pit,1,,,,0,,
2234,2234,pitha,1,,,,0,,
2235,2235,pittas,1,,,,0,,
2238,2238,pl,1,,,,0,,
2241,2241,planner,1,,,,0,,
2243,2243,plantain,1,,,,0,,
2244,2244,plaque,1,,,,0,,
2245,2245,plaques,1,,,,0,,
2246,2246,plaster,1,,,,0,,
2248,2248,plat,1,,,,0,,
2253,2253,playdough,1,,,,0,,
2254,2254,playhouse,1,,,,0,,
2257,2257,pls,1,,,,0,,
2260,2260,plymouth,1,,,,0,,
2264,2264,pokemon,1,,,,0,,
2265,2265,polaoo,1,,,,0,,
2267,2267,pole,1,,,,0,,
2269,2269,polly,1,,,,0,,
2270,2270,polystyrene,1,,,,0,,
2271,2271,pond,1,,,,0,,
2272,2272,pooles,1,,,,0,,
2273,2273,poopin,1,,,,0,,
2277,2277,popping,1,,,,0,,
2278,2278,poppy,1,,,,0,,
2279,2279,poppyseed,1,,,,0,,
2280,2280,pops,1,,,,0,,
2281,2281,pori,1,,,,0,,
2284,2284,porthcawl,1,,,,0,,
2287,2287,ports,1,,,,0,,
2290,2290,posted,1,,,,0,,
2291,2291,posting,1,,,,0,,
2296,2296,potter,1,,,,0,,
2297,2297,pottery,1,,,,0,,
2300,2300,poultry,1,,,,0,,
2301,2301,pound,1,,,,0,,
2303,2303,powder,1,,,,0,,
2304,2304,powered,1,,,,0,,
2306,2306,practical,1,,,,0,,
2307,2307,prajituri,1,,,,0,,
2308,2308,pratha,1,,,,0,,
2310,2310,prawns,1,,,,0,,
2312,2312,premium,1,,,,0,,
2314,2314,prepared,1,,,,0,,
2315,2315,presents,1,,,,0,,
2316,2316,preserve,1,,,,0,,
2317,2317,preserved,1,,,,0,,
2320,2320,pret,1,,,,0,,
2321,2321,pretend,1,,,,0,,
2326,2326,prices;please,1,,,,0,,
2327,2327,prieskoniai,1,,,,0,,
2328,2328,prince,1,,,,0,,
2329,2329,princess,1,,,,0,,
2330,2330,pringles,1,,,,0,,
2331,2331,print,1,,,,0,,
2332,2332,printed,1,,,,0,,
2333,2333,prints,1,,,,0,,
2334,2334,priory,1,,,,0,,
2335,2335,private,1,,,,0,,
2338,2338,proceeds,1,,,,0,,
2340,2340,prodej,1,,,,0,,
2342,2342,product,1,,,,0,,
2343,2343,production,1,,,,0,,
2346,2346,profitable,1,,,,0,,
2347,2347,project,1,,,,0,,
2348,2348,promet,1,,,,0,,
2349,2349,promise,1,,,,0,,
2350,2350,proper,1,,,,0,,
2352,2352,props,1,,,,0,,
2353,2353,prosecco,1,,,,0,,
2354,2354,prosim,1,,,,0,,
2355,2355,protectors,1,,,,0,,
2356,2356,protein,1,,,,0,,
2357,2357,pub,1,,,,0,,
2358,2358,pucks,1,,,,0,,
2360,2360,puddings,1,,,,0,,
2361,2361,puds,1,,,,0,,
2363,2363,pulaao,1,,,,0,,
2365,2365,pulao+,1,,,,0,,
2366,2366,pulled,1,,,,0,,
2368,2368,pumpkins,1,,,,0,,
2369,2369,punch,1,,,,0,,
2371,2371,pup,1,,,,0,,
2372,2372,pupcakes,1,,,,0,,
2373,2373,puppet,1,,,,0,,
2375,2375,purdy‚Äôs,1,,,,0,,
2377,2377,puree,1,,,,0,,
2379,2379,pures,1,,,,0,,
2381,2381,push,1,,,,0,,
2382,2382,pusher,1,,,,0,,
2383,2383,puzzles,1,,,,0,,
2384,2384,pva,1,,,,0,,
2385,2385,pyrex,1,,,,0,,
2386,2386,pyrography,1,,,,0,,
2387,2387,qe,1,,,,0,,
2388,2388,qeema,1,,,,0,,
2389,2389,qualified,1,,,,0,,
2391,2391,quarter,1,,,,0,,
2392,2392,queens,1,,,,0,,
2394,2394,quiches,1,,,,0,,
2395,2395,quick,1,,,,0,,
2399,2399,rabbit,1,,,,0,,
2400,2400,rabit,1,,,,0,,
2401,2401,race,1,,,,0,,
2402,2402,rachel,1,,,,0,,
2405,2405,raclette,1,,,,0,,
2406,2406,rad,1,,,,0,,
2407,2407,radis,1,,,,0,,
2408,2408,rahat,1,,,,0,,
2410,2410,rainbows,1,,,,0,,
2411,2411,raindeer,1,,,,0,,
2412,2412,rainham,1,,,,0,,
2414,2414,raleigh,1,,,,0,,
2415,2415,range,1,,,,0,,
2417,2417,rasmi,1,,,,0,,
2421,2421,rayware,1,,,,0,,
2423,2423,re,1,,,,0,,
2424,2424,reading,1,,,,0,,
2427,2427,really,1,,,,0,,
2428,2428,reasonable,1,,,,0,,
2431,2431,recruitment,1,,,,0,,
2432,2432,rectangle,1,,,,0,,
2436,2436,reduction,1,,,,0,,
2437,2437,refurbished,1,,,,0,,
2438,2438,register,1,,,,0,,
2439,2439,reheating,1,,,,0,,
2442,2442,relish,1,,,,0,,
2443,2443,relishes,1,,,,0,,
2444,2444,removal,1,,,,0,,
2446,2446,remove,1,,,,0,,
2447,2447,remover,1,,,,0,,
2449,2449,renoval,1,,,,0,,
2452,2452,rep,1,,,,0,,
2453,2453,replace,1,,,,0,,
2454,2454,replacement,1,,,,0,,
2455,2455,representative,1,,,,0,,
2456,2456,reptile,1,,,,0,,
2458,2458,request,1,,,,0,,
2459,2459,required,1,,,,0,,
2461,2461,resmi,1,,,,0,,
2462,2462,rest,1,,,,0,,
2465,2465,retreat,1,,,,0,,
2466,2466,retriever,1,,,,0,,
2469,2469,reuse,1,,,,0,,
2470,2470,reuseable,1,,,,0,,
2471,2471,reveal,1,,,,0,,
2472,2472,revlon,1,,,,0,,
2473,2473,rg,1,,,,0,,
2475,2475,rich,1,,,,0,,
2476,2476,richard,1,,,,0,,
2477,2477,richards,1,,,,0,,
2478,2478,right,1,,,,0,,
2479,2479,ring,1,,,,0,,
2481,2481,rlap,1,,,,0,,
2485,2485,roaster,1,,,,0,,
2486,2486,roasting,1,,,,0,,
2488,2488,roberts,1,,,,0,,
2491,2491,rocky,1,,,,0,,
2493,2493,role,1,,,,0,,
2494,2494,roles,1,,,,0,,
2497,2497,rolling,1,,,,0,,
2499,2499,rolly,1,,,,0,,
2496,2496,rollüéÑ,1,,,,0,,
2501,2501,romford,1,,,,0,,
2502,2502,roof,1,,,,0,,
2505,2505,rosa‚Äù,1,,,,0,,
2507,2507,rotating,1,,,,0,,
2508,2508,rothwell,1,,,,0,,
2512,2512,rotisserie,1,,,,0,,
2515,2515,routemaster,1,,,,0,,
2516,2516,roux,1,,,,0,,
2519,2519,rrp:,1,,,,0,,
2521,2521,rubys,1,,,,0,,
2522,2522,rudolph,1,,,,0,,
2523,2523,ruffles,1,,,,0,,
2524,2524,rugs,1,,,,0,,
2525,2525,ruisins,1,,,,0,,
2526,2526,rukyta,1,,,,0,,
2527,2527,run,1,,,,0,,
2529,2529,rupsanda,1,,,,0,,
2530,2530,rusk,1,,,,0,,
2535,2535,s:,1,,,,0,,
2538,2538,sabzi,1,,,,0,,
2539,2539,sack,1,,,,0,,
2540,2540,sacks,1,,,,0,,
2542,2542,sage,1,,,,0,,
2543,2543,sainsbury‚Äôs,1,,,,0,,
2544,2544,saint,1,,,,0,,
2545,2545,sal,1,,,,0,,
2549,2549,saleüéÑü¶å,1,,,,0,,
2550,2550,salford,1,,,,0,,
2553,2553,salter,1,,,,0,,
2555,2555,salves,1,,,,0,,
2556,2556,salyzon,1,,,,0,,
2558,2558,same,1,,,,0,,
2568,2568,sands,1,,,,0,,
2571,2571,sandy‚Äôs,1,,,,0,,
2573,2573,santa‚Äôs,1,,,,0,,
2575,2575,sapele,1,,,,0,,
2579,2579,sau,1,,,,0,,
2581,2581,saucepans,1,,,,0,,
2584,2584,sausages,1,,,,0,,
2585,2585,saute,1,,,,0,,
2588,2588,savisto,1,,,,0,,
2593,2593,scandi,1,,,,0,,
2597,2597,scheme,1,,,,0,,
2599,2599,school‚Äô,1,,,,0,,
2601,2601,scoop,1,,,,0,,
2603,2603,scrap,1,,,,0,,
2604,2604,scratch,1,,,,0,,
2605,2605,screw,1,,,,0,,
2610,2610,seafood,1,,,,0,,
2614,2614,season,1,,,,0,,
2616,2616,seasoning,1,,,,0,,
2618,2618,sebastian,1,,,,0,,
2619,2619,second,1,,,,0,,
2621,2621,section,1,,,,0,,
2622,2622,secure,1,,,,0,,
2623,2623,security,1,,,,0,,
2627,2627,seek,1,,,,0,,
2628,2628,seekh,1,,,,0,,
2630,2630,self,1,,,,0,,
2631,2631,seller,1,,,,0,,
2634,2634,semolina,1,,,,0,,
2635,2635,send,1,,,,0,,
2636,2636,sensio,1,,,,0,,
2638,2638,serve,1,,,,0,,
2639,2639,server,1,,,,0,,
2641,2641,serviced,1,,,,0,,
2642,2642,services,1,,,,0,,
2644,2644,servings,1,,,,0,,
2646,2646,set:,1,,,,0,,
2648,2648,setsüéÖüèº‚òÉÔ∏è,1,,,,0,,
2649,2649,shaami,1,,,,0,,
2650,2650,shabby,1,,,,0,,
2651,2651,shack,1,,,,0,,
2652,2652,shake,1,,,,0,,
2653,2653,shaker,1,,,,0,,
2654,2654,shakes,1,,,,0,,
2655,2655,shakez,1,,,,0,,
2656,2656,shalgam,1,,,,0,,
2658,2658,shammi,1,,,,0,,
2659,2659,shampoo,1,,,,0,,
2660,2660,shamu,1,,,,0,,
2664,2664,shared,1,,,,0,,
2665,2665,sharing,1,,,,0,,
2669,2669,sheds,1,,,,0,,
2670,2670,sheekh,1,,,,0,,
2671,2671,sheer,1,,,,0,,
2672,2672,shelters,1,,,,0,,
2675,2675,sherbet,1,,,,0,,
2676,2676,shingara,1,,,,0,,
2677,2677,shish,1,,,,0,,
2678,2678,shito,1,,,,0,,
2679,2679,shondesh,1,,,,0,,
2683,2683,shortbread,1,,,,0,,
2684,2684,shortbreads,1,,,,0,,
2685,2685,shot,1,,,,0,,
2687,2687,shrimp,1,,,,0,,
2688,2688,shrutis,1,,,,0,,
2689,2689,shutki,1,,,,0,,
2691,2691,side,1,,,,0,,
2693,2693,signed,1,,,,0,,
2695,2695,silesian,1,,,,0,,
2696,2696,silicon,1,,,,0,,
2699,2699,silvercrest,1,,,,0,,
2700,2700,silvnas,1,,,,0,,
2701,2701,simax,1,,,,0,,
2703,2703,singing,1,,,,0,,
2705,2705,sink,1,,,,0,,
2706,2706,sirneeüá¨üáæ,1,,,,0,,
2707,2707,sistema,1,,,,0,,
2708,2708,sisters,1,,,,0,,
2713,2713,sizzling,1,,,,0,,
2714,2714,skinny,1,,,,0,,
2715,2715,skoda,1,,,,0,,
2716,2716,skull,1,,,,0,,
2717,2717,skulls,1,,,,0,,
2718,2718,slab,1,,,,0,,
2719,2719,slabs,1,,,,0,,
2720,2720,slate,1,,,,0,,
2721,2721,sleeved,1,,,,0,,
2722,2722,sleighs,1,,,,0,,
2725,2725,slightly,1,,,,0,,
2726,2726,slim,1,,,,0,,
2729,2729,slots,1,,,,0,,
2730,2730,slough,1,,,,0,,
2732,2732,sls,1,,,,0,,
2734,2734,smart,1,,,,0,,
2735,2735,smarter,1,,,,0,,
2736,2736,smell,1,,,,0,,
2737,2737,smells,1,,,,0,,
2738,2738,smoke,1,,,,0,,
2740,2740,smoker,1,,,,0,,
2741,2741,smoothie,1,,,,0,,
2744,2744,snakeshead,1,,,,0,,
2745,2745,snow,1,,,,0,,
2746,2746,snowman,1,,,,0,,
2747,2747,snuffle,1,,,,0,,
2748,2748,soai,1,,,,0,,
2750,2750,soaps,1,,,,0,,
2751,2751,social,1,,,,0,,
2752,2752,soda,1,,,,0,,
2756,2756,soft,1,,,,0,,
2757,2757,softener,1,,,,0,,
2759,2759,soi,1,,,,0,,
2760,2760,sold,1,,,,0,,
2761,2761,soldier,1,,,,0,,
2762,2762,soledi,1,,,,0,,
2764,2764,solids,1,,,,0,,
2765,2765,soma,1,,,,0,,
2766,2766,somasa,1,,,,0,,
2768,2768,somerset,1,,,,0,,
2769,2769,somewhere,1,,,,0,,
2772,2772,sorounding,1,,,,0,,
2773,2773,sorted,1,,,,0,,
2774,2774,sound,1,,,,0,,
2776,2776,soupdesi,1,,,,0,,
2779,2779,southern,1,,,,0,,
2781,2781,space,1,,,,0,,
2782,2782,spanich,1,,,,0,,
2783,2783,spanish,1,,,,0,,
2785,2785,speaker,1,,,,0,,
2787,2787,special**,1,,,,0,,
2788,2788,specialist,1,,,,0,,
2790,2790,spencer,1,,,,0,,
2793,2793,spices,1,,,,0,,
2796,2796,spine,1,,,,0,,
2797,2797,spinning,1,,,,0,,
2799,2799,spit,1,,,,0,,
2800,2800,splash,1,,,,0,,
2801,2801,split,1,,,,0,,
2802,2802,spone,1,,,,0,,
2804,2804,sponges,1,,,,0,,
2805,2805,spoon,1,,,,0,,
2806,2806,spoons,1,,,,0,,
2807,2807,sports,1,,,,0,,
2809,2809,springer,1,,,,0,,
2810,2810,springroll,1,,,,0,,
2811,2811,sprinkle,1,,,,0,,
2813,2813,sprollroll,1,,,,0,,
2814,2814,sprzedazy,1,,,,0,,
2815,2815,squab,1,,,,0,,
2818,2818,sri,1,,,,0,,
2819,2819,srilankan,1,,,,0,,
2821,2821,stackable,1,,,,0,,
2822,2822,staffed,1,,,,0,,
2823,2823,stain,1,,,,0,,
2825,2825,stali,1,,,,0,,
2828,2828,standing,1,,,,0,,
2830,2830,stanton,1,,,,0,,
2832,2832,staraining,1,,,,0,,
2834,2834,starting,1,,,,0,,
2839,2839,steama,1,,,,0,,
2843,2843,stem,1,,,,0,,
2844,2844,stemless,1,,,,0,,
2846,2846,sterilize,1,,,,0,,
2849,2849,sticky,1,,,,0,,
2854,2854,stokesley,1,,,,0,,
2855,2855,stone,1,,,,0,,
2856,2856,stones,1,,,,0,,
2857,2857,stools,1,,,,0,,
2862,2862,stourbridge,1,,,,0,,
2865,2865,strands,1,,,,0,,
2866,2866,straws,1,,,,0,,
2868,2868,stretch,1,,,,0,,
2869,2869,strong,1,,,,0,,
2870,2870,struggling,1,,,,0,,
2871,2871,student,1,,,,0,,
2874,2874,stuffer,1,,,,0,,
2875,2875,stuffing,1,,,,0,,
2877,2877,subway,1,,,,0,,
2878,2878,suction,1,,,,0,,
2880,2880,sugarfree,1,,,,0,,
2882,2882,suje,1,,,,0,,
2884,2884,sujji,1,,,,0,,
2887,2887,sunnah,1,,,,0,,
2888,2888,sunncamp,1,,,,0,,
2891,2891,supper,1,,,,0,,
2892,2892,supplements,1,,,,0,,
2893,2893,suppliers,1,,,,0,,
2896,2896,surfaces,1,,,,0,,
2897,2897,surplus,1,,,,0,,
2898,2898,suya,1,,,,0,,
2899,2899,swap,1,,,,0,,
2902,2902,sweetie,1,,,,0,,
2905,2905,swirl,1,,,,0,,
2906,2906,switzerland,1,,,,0,,
2907,2907,swizzels,1,,,,0,,
2908,2908,sx,1,,,,0,,
2912,2912,table,1,,,,0,,
2917,2917,tags,1,,,,0,,
2918,2918,tailor,1,,,,0,,
2919,2919,tajine,1,,,,0,,
2922,2922,taken,1,,,,0,,
2924,2924,takze,1,,,,0,,
2925,2925,talking,1,,,,0,,
2928,2928,tanks,1,,,,0,,
2929,2929,tapas,1,,,,0,,
2930,2930,tarka,1,,,,0,,
2931,2931,tarmac,1,,,,0,,
2934,2934,tartz,1,,,,0,,
2935,2935,tasks,1,,,,0,,
2938,2938,tawa,1,,,,0,,
2939,2939,tbibi,1,,,,0,,
2940,2940,tdi,1,,,,0,,
2943,2943,teapot,1,,,,0,,
2944,2944,teardrop,1,,,,0,,
2945,2945,tearooms,1,,,,0,,
2947,2947,tech,1,,,,0,,
2948,2948,tee,1,,,,0,,
2949,2949,teether,1,,,,0,,
2951,2951,tel,1,,,,0,,
2952,2952,temp,1,,,,0,,
2953,2953,tempered,1,,,,0,,
2956,2956,terrys,1,,,,0,,
2957,2957,testy,1,,,,0,,
2961,2961,thali,1,,,,0,,
2962,2962,thank,1,,,,0,,
2963,2963,thanks,1,,,,0,,
2966,2966,them,1,,,,0,,
2967,2967,themed,1,,,,0,,
2971,2971,thermos,1,,,,0,,
2973,2973,they,1,,,,0,,
2979,2979,tie,1,,,,0,,
2982,2982,tiffons,1,,,,0,,
2983,2983,tikees,1,,,,0,,
2987,2987,tikkaoff,1,,,,0,,
2989,2989,tiles,1,,,,0,,
2992,2992,timer,1,,,,0,,
2993,2993,tin,1,,,,0,,
2994,2994,tingy,1,,,,0,,
2997,2997,tip,1,,,,0,,
2998,2998,tippe,1,,,,0,,
2999,2999,tipped,1,,,,0,,
3001,3001,tippy,1,,,,0,,
3006,3006,toad,1,,,,0,,
3007,3007,toady,1,,,,0,,
3009,3009,todays,1,,,,0,,
3011,3011,toffee,1,,,,0,,
3015,3015,ton,1,,,,0,,
3017,3017,tons,1,,,,0,,
3018,3018,too,1,,,,0,,
3020,3020,topped,1,,,,0,,
3021,3021,toppings,1,,,,0,,
3023,3023,tortellini,1,,,,0,,
3024,3024,tot,1,,,,0,,
3025,3025,totally,1,,,,0,,
3026,3026,tottenham,1,,,,0,,
3031,3031,tp,1,,,,0,,
3032,3032,trading,1,,,,0,,
3033,3033,traditinnal,1,,,,0,,
3035,3035,traditionally,1,,,,0,,
3036,3036,trafic,1,,,,0,,
3038,3038,trailers,1,,,,0,,
3039,3039,train,1,,,,0,,
3042,3042,transporter,1,,,,0,,
3045,3045,traybake,1,,,,0,,
3048,3048,trditional,1,,,,0,,
3050,3050,treatments,1,,,,0,,
3052,3052,trecco,1,,,,0,,
3055,3055,trifle,1,,,,0,,
3056,3056,trim,1,,,,0,,
3057,3057,trimmings,1,,,,0,,
3058,3058,trinket,1,,,,0,,
3059,3059,trinkets,1,,,,0,,
3060,3060,triple,1,,,,0,,
3064,3064,truffle,1,,,,0,,
3066,3066,truro,1,,,,0,,
3067,3067,try,1,,,,0,,
3068,3068,tshirts,1,,,,0,,
3069,3069,tt,1,,,,0,,
3070,3070,tu,1,,,,0,,
3073,3073,tubes,1,,,,0,,
3075,3075,tuckers,1,,,,0,,
3076,3076,tudor,1,,,,0,,
3078,3078,tumblers,1,,,,0,,
3081,3081,turkƒ±sh,1,,,,0,,
3082,3082,twin,1,,,,0,,
3085,3085,type,1,,,,0,,
3086,3086,types,1,,,,0,,
3087,3087,typical,1,,,,0,,
3088,3088,tyres,1,,,,0,,
3089,3089,u,1,,,,0,,
3090,3090,ubi,1,,,,0,,
3092,3092,ukazika,1,,,,0,,
3094,3094,uncle,1,,,,0,,
3095,3095,uncooked,1,,,,0,,
3096,3096,under,1,,,,0,,
3097,3097,undercounter,1,,,,0,,
3098,3098,underground,1,,,,0,,
3100,3100,unicorns,1,,,,0,,
3101,3101,unique,1,,,,0,,
3103,3103,universal,1,,,,0,,
3104,3104,unopened,1,,,,0,,
3107,3107,uob,1,,,,0,,
3109,3109,uploaded,1,,,,0,,
3110,3110,upon,1,,,,0,,
3111,3111,uppu,1,,,,0,,
3113,3113,uri,1,,,,0,,
3114,3114,urzƒÖdzenie,1,,,,0,,
3116,3116,usa,1,,,,0,,
3117,3117,usable,1,,,,0,,
3118,3118,usb,1,,,,0,,
3121,3121,useful,1,,,,0,,
3122,3122,uszka,1,,,,0,,
3123,3123,utensil,1,,,,0,,
3125,3125,uthappam,1,,,,0,,
3126,3126,utting,1,,,,0,,
3127,3127,uz,1,,,,0,,
3128,3128,vac,1,,,,0,,
3130,3130,valeting,1,,,,0,,
3133,3133,vanilla,1,,,,0,,
3135,3135,varieties,1,,,,0,,
3136,3136,variety,1,,,,0,,
3139,3139,vas,1,,,,0,,
3145,3145,vegitable,1,,,,0,,
3146,3146,vegrolls,1,,,,0,,
3147,3147,vehicle,1,,,,0,,
3149,3149,vented,1,,,,0,,
3151,3151,versatile,1,,,,0,,
3152,3152,verses,1,,,,0,,
3154,3154,vest,1,,,,0,,
3155,3155,vhuna,1,,,,0,,
3156,3156,vicki,1,,,,0,,
3157,3157,victorian,1,,,,0,,
3158,3158,villa,1,,,,0,,
3160,3160,vins,1,,,,0,,
3164,3164,visit‚ùÑÔ∏è,1,,,,0,,
3166,3166,vista,1,,,,0,,
3167,3167,vistamar,1,,,,0,,
3168,3168,vital,1,,,,0,,
3169,3169,vivamk,1,,,,0,,
3170,3170,vivexotic,1,,,,0,,
3171,3171,voice,1,,,,0,,
3173,3173,voluntary,1,,,,0,,
3174,3174,volvo,1,,,,0,,
3176,3176,voted,1,,,,0,,
3177,3177,vovo,1,,,,0,,
3179,3179,vyrobky,1,,,,0,,
3181,3181,wada,1,,,,0,,
3183,3183,walk,1,,,,0,,
3186,3186,walls,1,,,,0,,
3188,3188,want,1,,,,0,,
3189,3189,wanted,1,,,,0,,
3190,3190,waring,1,,,,0,,
3191,3191,warm,1,,,,0,,
3193,3193,warmers,1,,,,0,,
3194,3194,warning,1,,,,0,,
3195,3195,warps,1,,,,0,,
3196,3196,wars,1,,,,0,,
3197,3197,was,1,,,,0,,
3198,3198,washer,1,,,,0,,
3199,3199,washes,1,,,,0,,
3201,3201,watering,1,,,,0,,
3202,3202,waterproofed,1,,,,0,,
3203,3203,waterside,1,,,,0,,
3204,3204,watresistant,1,,,,0,,
3207,3207,we‚Äôre,1,,,,0,,
3208,3208,weak,1,,,,0,,
3211,3211,webber,1,,,,0,,
3212,3212,website,1,,,,0,,
3217,3217,weighing,1,,,,0,,
3218,3218,weight,1,,,,0,,
3223,3223,whatever,1,,,,0,,
3224,3224,wheelhouse,1,,,,0,,
3229,3229,wholesale,1,,,,0,,
3231,3231,wigginton,1,,,,0,,
3233,3233,willerby,1,,,,0,,
3234,3234,william,1,,,,0,,
3235,3235,winchester,1,,,,0,,
3236,3236,windows,1,,,,0,,
3238,3238,winner,1,,,,0,,
3241,3241,wipe,1,,,,0,,
3242,3242,wipes,1,,,,0,,
3243,3243,wisdom,1,,,,0,,
3246,3246,wobbly,1,,,,0,,
3247,3247,wolf,1,,,,0,,
3248,3248,wonder,1,,,,0,,
3249,3249,wonderland,1,,,,0,,
3252,3252,woodland,1,,,,0,,
3253,3253,woofle,1,,,,0,,
3254,3254,wording,1,,,,0,,
3257,3257,workington,1,,,,0,,
3260,3260,world,1,,,,0,,
3261,3261,worlds,1,,,,0,,
3262,3262,would,1,,,,0,,
3264,3264,wrapping,1,,,,0,,
3267,3267,writing,1,,,,0,,
3268,3268,written,1,,,,0,,
3269,3269,wura,1,,,,0,,
3309,3309,ÿ®ÿÆÿßÿ±Ÿä,1,,,,0,,
3312,3312,ÿ±ÿÆÿ≥Ÿäÿ≥,1,,,,0,,
3310,3310,ÿ≠ŸÑÿßŸÑ,1,,,,0,,
3313,3313,ÿ≥ŸÜÿ™Ÿâ,1,,,,0,,
3302,3302,ÿ£ÿ±ÿ≤,1,,,,0,,
3314,3314,ŸÅÿ∑Ÿäÿ±,1,,,,0,,
3315,3315,ŸÅŸàŸÖŸÜ,1,,,,0,,
3278,3278,yemeni,1,,,,0,,
3279,3279,yes,1,,,,0,,
3316,3316,ŸÉÿ≥ÿ±Ÿá,1,,,,0,,
3317,3317,ŸÉŸÑŸà⁄ÜŸá,1,,,,0,,
3318,3318,ŸÑÿ≠ŸÖŸáÿ®ÿßŸÑÿπÿ¨ŸäŸÜŸá,1,,,,0,,
3280,3280,yoga,1,,,,0,,
3281,3281,yoghurt,1,,,,0,,
3284,3284,yourself,1,,,,0,,
3320,3320,ŸÖÿ≥ŸÖŸÜ,1,,,,0,,
3319,3319,ŸÖÿÆŸÖÿßÿ±,1,,,,0,,
3321,3321,ŸÖŸÜÿØŸâ,1,,,,0,,
3285,3285,ypres,1,,,,0,,
3304,3304,ÿßÿ±ÿ≤,1,,,,0,,
3306,3306,ÿßŸÑÿ±ŸÅŸäÿ≥ÿ©,1,,,,0,,
3305,3305,ÿßŸÑÿÆÿ®ÿ≤,1,,,,0,,
3307,3307,ÿßŸÑŸÖÿ∫ÿ±ÿ®Ÿä,1,,,,0,,
3308,3308,ÿßŸÑŸÖÿ∫ÿ±ÿ®Ÿäÿ©,1,,,,0,,
3287,3287,zaferan,1,,,,0,,
3288,3288,zapada,1,,,,0,,
3289,3289,zara,1,,,,0,,
3291,3291,zardara,1,,,,0,,
3292,3292,zase,1,,,,0,,
3293,3293,ze,1,,,,0,,
3294,3294,zeera,1,,,,0,,
3295,3295,zero,1,,,,0,,
3296,3296,zing,1,,,,0,,
3297,3297,zingy,1,,,,0,,
3298,3298,zodiac,1,,,,0,,
3299,3299,zoflora,1,,,,0,,
3301,3301,zoomer,1,,,,0,,
87,87,ü¶å,1,,,,0,,
89,89,ü¶åü¶åü¶å,1,,,,0,,
90,90,ü¶åü¶åü¶åreindeer,1,,,,0,,
88,88,ü¶åüéÑchristmas,1,,,,0,,
86,86,ü¶Ñ,1,,,,0,,
85,85,ü•ß,1,,,,0,,
84,84,ü•ü,1,,,,0,,
83,83,ü•ûü•ò,1,,,,0,,
36,36,üá¨üáæ,1,,,,0,,
48,48,üç´,1,,,,0,,
47,47,üç©,1,,,,0,,
49,49,üç∞üßÅ,1,,,,0,,
50,50,üç≤,1,,,,0,,
45,45,üçã,1,,,,0,,
46,46,üçó,1,,,,0,,
44,44,üçÖ,1,,,,0,,
66,66,üè¥Û†ÅßÛ†Å¢Û†Å≥Û†Å£Û†Å¥Û†Åø,1,,,,0,,
52,52,üéÅüéÅ,1,,,,0,,
70,70,üëç,1,,,,0,,
67,67,üêî,1,,,,0,,
54,54,üéÑ‚õÑÔ∏è,1,,,,0,,
59,59,üéÑchristmas,1,,,,0,,
55,55,üéÑüéÅ,1,,,,0,,
58,58,üéÑüéÖüèª‚õÑÔ∏è,1,,,,0,,
63,63,üéÖüèªüéÑ,1,,,,0,,
61,61,üéÖüéÑ‚õÑÔ∏è‚ùÑÔ∏è,1,,,,0,,
62,62,üéÖüéÑoap,1,,,,0,,
65,65,üéÖüèº‚òÉÔ∏èxmas,1,,,,0,,
68,68,üêù,1,,,,0,,
80,80,üî•,1,,,,0,,
81,81,üî•üéÜ,1,,,,0,,
76,76,üí•üí•,1,,,,0,,
77,77,üí•üí•beef,1,,,,0,,
71,71,üíê,1,,,,0,,
72,72,üíìtabletüíì,1,,,,0,,
78,78,üíØ,1,,,,0,,
79,79,üíØ%,1,,,,0,,
73,73,üíóüíóüíó,1,,,,0,,
74,74,üíóüíóüíóhelp,1,,,,0,,
92,92,üòÄlook,1,,,,0,,
94,94,üòçü¶ÑüßÅüç¶üç©üçèüçÑ,1,,,,0,,
95,95,üòé,1,,,,0,,
99,99,üöö,1,,,,0,,
96,96,üòòü§ôü§ôüëåüèΩ,1,,,,0,,
97,97,üòòüòâü§ôüëåüèΩ,1,,,,0,,
100,100,üööüöö,1,,,,0,,
91,91,üßÅüç∞ü•ßüç™,1,,,,0,,
32,32,#NAME?,1,,,,0,,
33,33,#NAME?,1,,,,0,,